# particle	tuple_file	sweight_file
P_Lc	root://eoslhcb.cern.ch//eos/lhcb/grid/prod/lhcb/anaprod/lhcb/LHCb/Collision25/PID_TURBOONLY_TUPLE.ROOT/00331957/0000/00331957_00000001_1.pid_turboonly_tuple.root	root://eoslhcb.cern.ch//eos/lhcb/wg/rta/WP4/PIDCalib2_sWeights/2025/MagUp/Lc/s25c4/00331957_00000001_1.pid_turboonly_tuple_sweights.root
P_Lc	root://eoslhcb.cern.ch//eos/lhcb/grid/prod/lhcb/anaprod/lhcb/LHCb/Collision25/PID_TURBOONLY_TUPLE.ROOT/00331957/0000/00331957_00000002_1.pid_turboonly_tuple.root	root://eoslhcb.cern.ch//eos/lhcb/wg/rta/WP4/PIDCalib2_sWeights/2025/MagUp/Lc/s25c4/00331957_00000002_1.pid_turboonly_tuple_sweights.root
P_Lc	root://eoslhcb.cern.ch//eos/lhcb/grid/prod/lhcb/anaprod/lhcb/LHCb/Collision25/PID_TURBOONLY_TUPLE.ROOT/00331957/0000/00331957_00000003_1.pid_turboonly_tuple.root	root://eoslhcb.cern.ch//eos/lhcb/wg/rta/WP4/PIDCalib2_sWeights/2025/MagUp/Lc/s25c4/00331957_00000003_1.pid_turboonly_tuple_sweights.root
P_Lc	root://eoslhcb.cern.ch//eos/lhcb/grid/prod/lhcb/anaprod/lhcb/LHCb/Collision25/PID_TURBOONLY_TUPLE.ROOT/00331957/0000/00331957_00000004_1.pid_turboonly_tuple.root	root://eoslhcb.cern.ch//eos/lhcb/wg/rta/WP4/PIDCalib2_sWeights/2025/MagUp/Lc/s25c4/00331957_00000004_1.pid_turboonly_tuple_sweights.root
P_Lc	root://eoslhcb.cern.ch//eos/lhcb/grid/prod/lhcb/anaprod/lhcb/LHCb/Collision25/PID_TURBOONLY_TUPLE.ROOT/00331957/0000/00331957_00000005_1.pid_turboonly_tuple.root	root://eoslhcb.cern.ch//eos/lhcb/wg/rta/WP4/PIDCalib2_sWeights/2025/MagUp/Lc/s25c4/00331957_00000005_1.pid_turboonly_tuple_sweights.root
P_Lc	root://eoslhcb.cern.ch//eos/lhcb/grid/prod/lhcb/anaprod/lhcb/LHCb/Collision25/PID_TURBOONLY_TUPLE.ROOT/00331957/0000/00331957_00000006_1.pid_turboonly_tuple.root	root://eoslhcb.cern.ch//eos/lhcb/wg/rta/WP4/PIDCalib2_sWeights/2025/MagUp/Lc/s25c4/00331957_00000006_1.pid_turboonly_tuple_sweights.root
P_Lc	root://eoslhcb.cern.ch//eos/lhcb/grid/prod/lhcb/anaprod/lhcb/LHCb/Collision25/PID_TURBOONLY_TUPLE.ROOT/00331957/0000/00331957_00000007_1.pid_turboonly_tuple.root	root://eoslhcb.cern.ch//eos/lhcb/wg/rta/WP4/PIDCalib2_sWeights/2025/MagUp/Lc/s25c4/00331957_00000007_1.pid_turboonly_tuple_sweights.root
P_Lc	root://eoslhcb.cern.ch//eos/lhcb/grid/prod/lhcb/anaprod/lhcb/LHCb/Collision25/PID_TURBOONLY_TUPLE.ROOT/00331957/0000/00331957_00000008_1.pid_turboonly_tuple.root	root://eoslhcb.cern.ch//eos/lhcb/wg/rta/WP4/PIDCalib2_sWeights/2025/MagUp/Lc/s25c4/00331957_00000008_1.pid_turboonly_tuple_sweights.root
P_Lc	root://eoslhcb.cern.ch//eos/lhcb/grid/prod/lhcb/anaprod/lhcb/LHCb/Collision25/PID_TURBOONLY_TUPLE.ROOT/00331957/0000/00331957_00000009_1.pid_turboonly_tuple.root	root://eoslhcb.cern.ch//eos/lhcb/wg/rta/WP4/PIDCalib2_sWeights/2025/MagUp/Lc/s25c4/00331957_00000009_1.pid_turboonly_tuple_sweights.root
P_Lc	root://eoslhcb.cern.ch//eos/lhcb/grid/prod/lhcb/anaprod/lhcb/LHCb/Collision25/PID_TURBOONLY_TUPLE.ROOT/00331957/0000/00331957_00000010_1.pid_turboonly_tuple.root	root://eoslhcb.cern.ch//eos/lhcb/wg/rta/WP4/PIDCalib2_sWeights/2025/MagUp/Lc/s25c4/00331957_00000010_1.pid_turboonly_tuple_sweights.root
P_Lc	root://eoslhcb.cern.ch//eos/lhcb/grid/prod/lhcb/anaprod/lhcb/LHCb/Collision25/PID_TURBOONLY_TUPLE.ROOT/00331957/0000/00331957_00000011_1.pid_turboonly_tuple.root	root://eoslhcb.cern.ch//eos/lhcb/wg/rta/WP4/PIDCalib2_sWeights/2025/MagUp/Lc/s25c4/00331957_00000011_1.pid_turboonly_tuple_sweights.root
P_Lc	root://eoslhcb.cern.ch//eos/lhcb/grid/prod/lhcb/anaprod/lhcb/LHCb/Collision25/PID_TURBOONLY_TUPLE.ROOT/00331957/0000/00331957_00000012_1.pid_turboonly_tuple.root	root://eoslhcb.cern.ch//eos/lhcb/wg/rta/WP4/PIDCalib2_sWeights/2025/MagUp/Lc/s25c4/00331957_00000012_1.pid_turboonly_tuple_sweights.root
P_Lc	root://eoslhcb.cern.ch//eos/lhcb/grid/prod/lhcb/anaprod/lhcb/LHCb/Collision25/PID_TURBOONLY_TUPLE.ROOT/00331957/0000/00331957_00000013_1.pid_turboonly_tuple.root	root://eoslhcb.cern.ch//eos/lhcb/wg/rta/WP4/PIDCalib2_sWeights/2025/MagUp/Lc/s25c4/00331957_00000013_1.pid_turboonly_tuple_sweights.root
P_Lc	root://eoslhcb.cern.ch//eos/lhcb/grid/prod/lhcb/anaprod/lhcb/LHCb/Collision25/PID_TURBOONLY_TUPLE.ROOT/00331957/0000/00331957_00000014_1.pid_turboonly_tuple.root	root://eoslhcb.cern.ch//eos/lhcb/wg/rta/WP4/PIDCalib2_sWeights/2025/MagUp/Lc/s25c4/00331957_00000014_1.pid_turboonly_tuple_sweights.root
P_Lc	root://eoslhcb.cern.ch//eos/lhcb/grid/prod/lhcb/anaprod/lhcb/LHCb/Collision25/PID_TURBOONLY_TUPLE.ROOT/00331957/0000/00331957_00000015_1.pid_turboonly_tuple.root	root://eoslhcb.cern.ch//eos/lhcb/wg/rta/WP4/PIDCalib2_sWeights/2025/MagUp/Lc/s25c4/00331957_00000015_1.pid_turboonly_tuple_sweights.root
P_Lc	root://eoslhcb.cern.ch//eos/lhcb/grid/prod/lhcb/anaprod/lhcb/LHCb/Collision25/PID_TURBOONLY_TUPLE.ROOT/00331957/0000/00331957_00000016_1.pid_turboonly_tuple.root	root://eoslhcb.cern.ch//eos/lhcb/wg/rta/WP4/PIDCalib2_sWeights/2025/MagUp/Lc/s25c4/00331957_00000016_1.pid_turboonly_tuple_sweights.root
P_Lc	root://eoslhcb.cern.ch//eos/lhcb/grid/prod/lhcb/anaprod/lhcb/LHCb/Collision25/PID_TURBOONLY_TUPLE.ROOT/00331957/0000/00331957_00000017_1.pid_turboonly_tuple.root	root://eoslhcb.cern.ch//eos/lhcb/wg/rta/WP4/PIDCalib2_sWeights/2025/MagUp/Lc/s25c4/00331957_00000017_1.pid_turboonly_tuple_sweights.root
P_Lc	root://eoslhcb.cern.ch//eos/lhcb/grid/prod/lhcb/anaprod/lhcb/LHCb/Collision25/PID_TURBOONLY_TUPLE.ROOT/00331957/0000/00331957_00000018_1.pid_turboonly_tuple.root	root://eoslhcb.cern.ch//eos/lhcb/wg/rta/WP4/PIDCalib2_sWeights/2025/MagUp/Lc/s25c4/00331957_00000018_1.pid_turboonly_tuple_sweights.root
P_Lc	root://eoslhcb.cern.ch//eos/lhcb/grid/prod/lhcb/anaprod/lhcb/LHCb/Collision25/PID_TURBOONLY_TUPLE.ROOT/00331957/0000/00331957_00000019_1.pid_turboonly_tuple.root	root://eoslhcb.cern.ch//eos/lhcb/wg/rta/WP4/PIDCalib2_sWeights/2025/MagUp/Lc/s25c4/00331957_00000019_1.pid_turboonly_tuple_sweights.root
P_Lc	root://eoslhcb.cern.ch//eos/lhcb/grid/prod/lhcb/anaprod/lhcb/LHCb/Collision25/PID_TURBOONLY_TUPLE.ROOT/00331957/0000/00331957_00000020_1.pid_turboonly_tuple.root	root://eoslhcb.cern.ch//eos/lhcb/wg/rta/WP4/PIDCalib2_sWeights/2025/MagUp/Lc/s25c4/00331957_00000020_1.pid_turboonly_tuple_sweights.root
P_Lc	root://eoslhcb.cern.ch//eos/lhcb/grid/prod/lhcb/anaprod/lhcb/LHCb/Collision25/PID_TURBOONLY_TUPLE.ROOT/00331957/0000/00331957_00000021_1.pid_turboonly_tuple.root	root://eoslhcb.cern.ch//eos/lhcb/wg/rta/WP4/PIDCalib2_sWeights/2025/MagUp/Lc/s25c4/00331957_00000021_1.pid_turboonly_tuple_sweights.root
P_Lc	root://eoslhcb.cern.ch//eos/lhcb/grid/prod/lhcb/anaprod/lhcb/LHCb/Collision25/PID_TURBOONLY_TUPLE.ROOT/00331957/0000/00331957_00000022_1.pid_turboonly_tuple.root	root://eoslhcb.cern.ch//eos/lhcb/wg/rta/WP4/PIDCalib2_sWeights/2025/MagUp/Lc/s25c4/00331957_00000022_1.pid_turboonly_tuple_sweights.root
P_Lc	root://eoslhcb.cern.ch//eos/lhcb/grid/prod/lhcb/anaprod/lhcb/LHCb/Collision25/PID_TURBOONLY_TUPLE.ROOT/00331957/0000/00331957_00000023_1.pid_turboonly_tuple.root	root://eoslhcb.cern.ch//eos/lhcb/wg/rta/WP4/PIDCalib2_sWeights/2025/MagUp/Lc/s25c4/00331957_00000023_1.pid_turboonly_tuple_sweights.root
P_Lc	root://eoslhcb.cern.ch//eos/lhcb/grid/prod/lhcb/anaprod/lhcb/LHCb/Collision25/PID_TURBOONLY_TUPLE.ROOT/00331957/0000/00331957_00000024_1.pid_turboonly_tuple.root	root://eoslhcb.cern.ch//eos/lhcb/wg/rta/WP4/PIDCalib2_sWeights/2025/MagUp/Lc/s25c4/00331957_00000024_1.pid_turboonly_tuple_sweights.root
P_Lc	root://eoslhcb.cern.ch//eos/lhcb/grid/prod/lhcb/anaprod/lhcb/LHCb/Collision25/PID_TURBOONLY_TUPLE.ROOT/00331957/0000/00331957_00000025_1.pid_turboonly_tuple.root	root://eoslhcb.cern.ch//eos/lhcb/wg/rta/WP4/PIDCalib2_sWeights/2025/MagUp/Lc/s25c4/00331957_00000025_1.pid_turboonly_tuple_sweights.root
P_Lc	root://eoslhcb.cern.ch//eos/lhcb/grid/prod/lhcb/anaprod/lhcb/LHCb/Collision25/PID_TURBOONLY_TUPLE.ROOT/00331957/0000/00331957_00000026_1.pid_turboonly_tuple.root	root://eoslhcb.cern.ch//eos/lhcb/wg/rta/WP4/PIDCalib2_sWeights/2025/MagUp/Lc/s25c4/00331957_00000026_1.pid_turboonly_tuple_sweights.root
P_Lc	root://eoslhcb.cern.ch//eos/lhcb/grid/prod/lhcb/anaprod/lhcb/LHCb/Collision25/PID_TURBOONLY_TUPLE.ROOT/00331957/0000/00331957_00000027_1.pid_turboonly_tuple.root	root://eoslhcb.cern.ch//eos/lhcb/wg/rta/WP4/PIDCalib2_sWeights/2025/MagUp/Lc/s25c4/00331957_00000027_1.pid_turboonly_tuple_sweights.root
P_Lc	root://eoslhcb.cern.ch//eos/lhcb/grid/prod/lhcb/anaprod/lhcb/LHCb/Collision25/PID_TURBOONLY_TUPLE.ROOT/00331957/0000/00331957_00000028_1.pid_turboonly_tuple.root	root://eoslhcb.cern.ch//eos/lhcb/wg/rta/WP4/PIDCalib2_sWeights/2025/MagUp/Lc/s25c4/00331957_00000028_1.pid_turboonly_tuple_sweights.root
P_Lc	root://eoslhcb.cern.ch//eos/lhcb/grid/prod/lhcb/anaprod/lhcb/LHCb/Collision25/PID_TURBOONLY_TUPLE.ROOT/00331957/0000/00331957_00000029_1.pid_turboonly_tuple.root	root://eoslhcb.cern.ch//eos/lhcb/wg/rta/WP4/PIDCalib2_sWeights/2025/MagUp/Lc/s25c4/00331957_00000029_1.pid_turboonly_tuple_sweights.root
P_Lc	root://eoslhcb.cern.ch//eos/lhcb/grid/prod/lhcb/anaprod/lhcb/LHCb/Collision25/PID_TURBOONLY_TUPLE.ROOT/00331957/0000/00331957_00000030_1.pid_turboonly_tuple.root	root://eoslhcb.cern.ch//eos/lhcb/wg/rta/WP4/PIDCalib2_sWeights/2025/MagUp/Lc/s25c4/00331957_00000030_1.pid_turboonly_tuple_sweights.root
P_Lc	root://eoslhcb.cern.ch//eos/lhcb/grid/prod/lhcb/anaprod/lhcb/LHCb/Collision25/PID_TURBOONLY_TUPLE.ROOT/00331957/0000/00331957_00000031_1.pid_turboonly_tuple.root	root://eoslhcb.cern.ch//eos/lhcb/wg/rta/WP4/PIDCalib2_sWeights/2025/MagUp/Lc/s25c4/00331957_00000031_1.pid_turboonly_tuple_sweights.root
P_Lc	root://eoslhcb.cern.ch//eos/lhcb/grid/prod/lhcb/anaprod/lhcb/LHCb/Collision25/PID_TURBOONLY_TUPLE.ROOT/00331957/0000/00331957_00000032_1.pid_turboonly_tuple.root	root://eoslhcb.cern.ch//eos/lhcb/wg/rta/WP4/PIDCalib2_sWeights/2025/MagUp/Lc/s25c4/00331957_00000032_1.pid_turboonly_tuple_sweights.root
P_Lc	root://eoslhcb.cern.ch//eos/lhcb/grid/prod/lhcb/anaprod/lhcb/LHCb/Collision25/PID_TURBOONLY_TUPLE.ROOT/00331957/0000/00331957_00000033_1.pid_turboonly_tuple.root	root://eoslhcb.cern.ch//eos/lhcb/wg/rta/WP4/PIDCalib2_sWeights/2025/MagUp/Lc/s25c4/00331957_00000033_1.pid_turboonly_tuple_sweights.root
P_Lc	root://eoslhcb.cern.ch//eos/lhcb/grid/prod/lhcb/anaprod/lhcb/LHCb/Collision25/PID_TURBOONLY_TUPLE.ROOT/00331957/0000/00331957_00000034_1.pid_turboonly_tuple.root	root://eoslhcb.cern.ch//eos/lhcb/wg/rta/WP4/PIDCalib2_sWeights/2025/MagUp/Lc/s25c4/00331957_00000034_1.pid_turboonly_tuple_sweights.root
P_Lc	root://eoslhcb.cern.ch//eos/lhcb/grid/prod/lhcb/anaprod/lhcb/LHCb/Collision25/PID_TURBOONLY_TUPLE.ROOT/00331957/0000/00331957_00000035_1.pid_turboonly_tuple.root	root://eoslhcb.cern.ch//eos/lhcb/wg/rta/WP4/PIDCalib2_sWeights/2025/MagUp/Lc/s25c4/00331957_00000035_1.pid_turboonly_tuple_sweights.root
P_Lc	root://eoslhcb.cern.ch//eos/lhcb/grid/prod/lhcb/anaprod/lhcb/LHCb/Collision25/PID_TURBOONLY_TUPLE.ROOT/00331957/0000/00331957_00000036_1.pid_turboonly_tuple.root	root://eoslhcb.cern.ch//eos/lhcb/wg/rta/WP4/PIDCalib2_sWeights/2025/MagUp/Lc/s25c4/00331957_00000036_1.pid_turboonly_tuple_sweights.root
P_Lc	root://eoslhcb.cern.ch//eos/lhcb/grid/prod/lhcb/anaprod/lhcb/LHCb/Collision25/PID_TURBOONLY_TUPLE.ROOT/00331957/0000/00331957_00000037_1.pid_turboonly_tuple.root	root://eoslhcb.cern.ch//eos/lhcb/wg/rta/WP4/PIDCalib2_sWeights/2025/MagUp/Lc/s25c4/00331957_00000037_1.pid_turboonly_tuple_sweights.root
P_Lc	root://eoslhcb.cern.ch//eos/lhcb/grid/prod/lhcb/anaprod/lhcb/LHCb/Collision25/PID_TURBOONLY_TUPLE.ROOT/00331957/0000/00331957_00000038_1.pid_turboonly_tuple.root	root://eoslhcb.cern.ch//eos/lhcb/wg/rta/WP4/PIDCalib2_sWeights/2025/MagUp/Lc/s25c4/00331957_00000038_1.pid_turboonly_tuple_sweights.root
P_Lc	root://eoslhcb.cern.ch//eos/lhcb/grid/prod/lhcb/anaprod/lhcb/LHCb/Collision25/PID_TURBOONLY_TUPLE.ROOT/00331957/0000/00331957_00000039_1.pid_turboonly_tuple.root	root://eoslhcb.cern.ch//eos/lhcb/wg/rta/WP4/PIDCalib2_sWeights/2025/MagUp/Lc/s25c4/00331957_00000039_1.pid_turboonly_tuple_sweights.root
P_Lc	root://eoslhcb.cern.ch//eos/lhcb/grid/prod/lhcb/anaprod/lhcb/LHCb/Collision25/PID_TURBOONLY_TUPLE.ROOT/00331957/0000/00331957_00000040_1.pid_turboonly_tuple.root	root://eoslhcb.cern.ch//eos/lhcb/wg/rta/WP4/PIDCalib2_sWeights/2025/MagUp/Lc/s25c4/00331957_00000040_1.pid_turboonly_tuple_sweights.root
P_Lc	root://eoslhcb.cern.ch//eos/lhcb/grid/prod/lhcb/anaprod/lhcb/LHCb/Collision25/PID_TURBOONLY_TUPLE.ROOT/00331957/0000/00331957_00000041_1.pid_turboonly_tuple.root	root://eoslhcb.cern.ch//eos/lhcb/wg/rta/WP4/PIDCalib2_sWeights/2025/MagUp/Lc/s25c4/00331957_00000041_1.pid_turboonly_tuple_sweights.root
P_Lc	root://eoslhcb.cern.ch//eos/lhcb/grid/prod/lhcb/anaprod/lhcb/LHCb/Collision25/PID_TURBOONLY_TUPLE.ROOT/00331957/0000/00331957_00000042_1.pid_turboonly_tuple.root	root://eoslhcb.cern.ch//eos/lhcb/wg/rta/WP4/PIDCalib2_sWeights/2025/MagUp/Lc/s25c4/00331957_00000042_1.pid_turboonly_tuple_sweights.root
P_Lc	root://eoslhcb.cern.ch//eos/lhcb/grid/prod/lhcb/anaprod/lhcb/LHCb/Collision25/PID_TURBOONLY_TUPLE.ROOT/00331957/0000/00331957_00000043_1.pid_turboonly_tuple.root	root://eoslhcb.cern.ch//eos/lhcb/wg/rta/WP4/PIDCalib2_sWeights/2025/MagUp/Lc/s25c4/00331957_00000043_1.pid_turboonly_tuple_sweights.root
P_Lc	root://eoslhcb.cern.ch//eos/lhcb/grid/prod/lhcb/anaprod/lhcb/LHCb/Collision25/PID_TURBOONLY_TUPLE.ROOT/00331957/0000/00331957_00000044_1.pid_turboonly_tuple.root	root://eoslhcb.cern.ch//eos/lhcb/wg/rta/WP4/PIDCalib2_sWeights/2025/MagUp/Lc/s25c4/00331957_00000044_1.pid_turboonly_tuple_sweights.root
P_Lc	root://eoslhcb.cern.ch//eos/lhcb/grid/prod/lhcb/anaprod/lhcb/LHCb/Collision25/PID_TURBOONLY_TUPLE.ROOT/00331957/0000/00331957_00000045_1.pid_turboonly_tuple.root	root://eoslhcb.cern.ch//eos/lhcb/wg/rta/WP4/PIDCalib2_sWeights/2025/MagUp/Lc/s25c4/00331957_00000045_1.pid_turboonly_tuple_sweights.root
P_Lc	root://eoslhcb.cern.ch//eos/lhcb/grid/prod/lhcb/anaprod/lhcb/LHCb/Collision25/PID_TURBOONLY_TUPLE.ROOT/00331957/0000/00331957_00000046_1.pid_turboonly_tuple.root	root://eoslhcb.cern.ch//eos/lhcb/wg/rta/WP4/PIDCalib2_sWeights/2025/MagUp/Lc/s25c4/00331957_00000046_1.pid_turboonly_tuple_sweights.root
P_Lc	root://eoslhcb.cern.ch//eos/lhcb/grid/prod/lhcb/anaprod/lhcb/LHCb/Collision25/PID_TURBOONLY_TUPLE.ROOT/00331957/0000/00331957_00000047_1.pid_turboonly_tuple.root	root://eoslhcb.cern.ch//eos/lhcb/wg/rta/WP4/PIDCalib2_sWeights/2025/MagUp/Lc/s25c4/00331957_00000047_1.pid_turboonly_tuple_sweights.root
P_Lc	root://eoslhcb.cern.ch//eos/lhcb/grid/prod/lhcb/anaprod/lhcb/LHCb/Collision25/PID_TURBOONLY_TUPLE.ROOT/00331957/0000/00331957_00000048_1.pid_turboonly_tuple.root	root://eoslhcb.cern.ch//eos/lhcb/wg/rta/WP4/PIDCalib2_sWeights/2025/MagUp/Lc/s25c4/00331957_00000048_1.pid_turboonly_tuple_sweights.root
P_Lc	root://eoslhcb.cern.ch//eos/lhcb/grid/prod/lhcb/anaprod/lhcb/LHCb/Collision25/PID_TURBOONLY_TUPLE.ROOT/00331957/0000/00331957_00000049_1.pid_turboonly_tuple.root	root://eoslhcb.cern.ch//eos/lhcb/wg/rta/WP4/PIDCalib2_sWeights/2025/MagUp/Lc/s25c4/00331957_00000049_1.pid_turboonly_tuple_sweights.root
P_Lc	root://eoslhcb.cern.ch//eos/lhcb/grid/prod/lhcb/anaprod/lhcb/LHCb/Collision25/PID_TURBOONLY_TUPLE.ROOT/00331957/0000/00331957_00000050_1.pid_turboonly_tuple.root	root://eoslhcb.cern.ch//eos/lhcb/wg/rta/WP4/PIDCalib2_sWeights/2025/MagUp/Lc/s25c4/00331957_00000050_1.pid_turboonly_tuple_sweights.root
P_Lc	root://eoslhcb.cern.ch//eos/lhcb/grid/prod/lhcb/anaprod/lhcb/LHCb/Collision25/PID_TURBOONLY_TUPLE.ROOT/00331957/0000/00331957_00000051_1.pid_turboonly_tuple.root	root://eoslhcb.cern.ch//eos/lhcb/wg/rta/WP4/PIDCalib2_sWeights/2025/MagUp/Lc/s25c4/00331957_00000051_1.pid_turboonly_tuple_sweights.root
P_Lc	root://eoslhcb.cern.ch//eos/lhcb/grid/prod/lhcb/anaprod/lhcb/LHCb/Collision25/PID_TURBOONLY_TUPLE.ROOT/00331957/0000/00331957_00000052_1.pid_turboonly_tuple.root	root://eoslhcb.cern.ch//eos/lhcb/wg/rta/WP4/PIDCalib2_sWeights/2025/MagUp/Lc/s25c4/00331957_00000052_1.pid_turboonly_tuple_sweights.root
P_Lc	root://eoslhcb.cern.ch//eos/lhcb/grid/prod/lhcb/anaprod/lhcb/LHCb/Collision25/PID_TURBOONLY_TUPLE.ROOT/00331957/0000/00331957_00000053_1.pid_turboonly_tuple.root	root://eoslhcb.cern.ch//eos/lhcb/wg/rta/WP4/PIDCalib2_sWeights/2025/MagUp/Lc/s25c4/00331957_00000053_1.pid_turboonly_tuple_sweights.root
P_Lc	root://eoslhcb.cern.ch//eos/lhcb/grid/prod/lhcb/anaprod/lhcb/LHCb/Collision25/PID_TURBOONLY_TUPLE.ROOT/00331957/0000/00331957_00000054_1.pid_turboonly_tuple.root	root://eoslhcb.cern.ch//eos/lhcb/wg/rta/WP4/PIDCalib2_sWeights/2025/MagUp/Lc/s25c4/00331957_00000054_1.pid_turboonly_tuple_sweights.root
P_Lc	root://eoslhcb.cern.ch//eos/lhcb/grid/prod/lhcb/anaprod/lhcb/LHCb/Collision25/PID_TURBOONLY_TUPLE.ROOT/00331957/0000/00331957_00000055_1.pid_turboonly_tuple.root	root://eoslhcb.cern.ch//eos/lhcb/wg/rta/WP4/PIDCalib2_sWeights/2025/MagUp/Lc/s25c4/00331957_00000055_1.pid_turboonly_tuple_sweights.root
P_Lc	root://eoslhcb.cern.ch//eos/lhcb/grid/prod/lhcb/anaprod/lhcb/LHCb/Collision25/PID_TURBOONLY_TUPLE.ROOT/00331957/0000/00331957_00000056_1.pid_turboonly_tuple.root	root://eoslhcb.cern.ch//eos/lhcb/wg/rta/WP4/PIDCalib2_sWeights/2025/MagUp/Lc/s25c4/00331957_00000056_1.pid_turboonly_tuple_sweights.root
P_Lc	root://eoslhcb.cern.ch//eos/lhcb/grid/prod/lhcb/anaprod/lhcb/LHCb/Collision25/PID_TURBOONLY_TUPLE.ROOT/00331957/0000/00331957_00000057_1.pid_turboonly_tuple.root	root://eoslhcb.cern.ch//eos/lhcb/wg/rta/WP4/PIDCalib2_sWeights/2025/MagUp/Lc/s25c4/00331957_00000057_1.pid_turboonly_tuple_sweights.root
P_Lc	root://eoslhcb.cern.ch//eos/lhcb/grid/prod/lhcb/anaprod/lhcb/LHCb/Collision25/PID_TURBOONLY_TUPLE.ROOT/00331957/0000/00331957_00000058_1.pid_turboonly_tuple.root	root://eoslhcb.cern.ch//eos/lhcb/wg/rta/WP4/PIDCalib2_sWeights/2025/MagUp/Lc/s25c4/00331957_00000058_1.pid_turboonly_tuple_sweights.root
P_Lc	root://eoslhcb.cern.ch//eos/lhcb/grid/prod/lhcb/anaprod/lhcb/LHCb/Collision25/PID_TURBOONLY_TUPLE.ROOT/00331957/0000/00331957_00000059_1.pid_turboonly_tuple.root	root://eoslhcb.cern.ch//eos/lhcb/wg/rta/WP4/PIDCalib2_sWeights/2025/MagUp/Lc/s25c4/00331957_00000059_1.pid_turboonly_tuple_sweights.root
P_Lc	root://eoslhcb.cern.ch//eos/lhcb/grid/prod/lhcb/anaprod/lhcb/LHCb/Collision25/PID_TURBOONLY_TUPLE.ROOT/00331957/0000/00331957_00000060_1.pid_turboonly_tuple.root	root://eoslhcb.cern.ch//eos/lhcb/wg/rta/WP4/PIDCalib2_sWeights/2025/MagUp/Lc/s25c4/00331957_00000060_1.pid_turboonly_tuple_sweights.root
P_Lc	root://eoslhcb.cern.ch//eos/lhcb/grid/prod/lhcb/anaprod/lhcb/LHCb/Collision25/PID_TURBOONLY_TUPLE.ROOT/00331957/0000/00331957_00000061_1.pid_turboonly_tuple.root	root://eoslhcb.cern.ch//eos/lhcb/wg/rta/WP4/PIDCalib2_sWeights/2025/MagUp/Lc/s25c4/00331957_00000061_1.pid_turboonly_tuple_sweights.root
P_Lc	root://eoslhcb.cern.ch//eos/lhcb/grid/prod/lhcb/anaprod/lhcb/LHCb/Collision25/PID_TURBOONLY_TUPLE.ROOT/00331957/0000/00331957_00000062_1.pid_turboonly_tuple.root	root://eoslhcb.cern.ch//eos/lhcb/wg/rta/WP4/PIDCalib2_sWeights/2025/MagUp/Lc/s25c4/00331957_00000062_1.pid_turboonly_tuple_sweights.root
P_Lc	root://eoslhcb.cern.ch//eos/lhcb/grid/prod/lhcb/anaprod/lhcb/LHCb/Collision25/PID_TURBOONLY_TUPLE.ROOT/00331957/0000/00331957_00000063_1.pid_turboonly_tuple.root	root://eoslhcb.cern.ch//eos/lhcb/wg/rta/WP4/PIDCalib2_sWeights/2025/MagUp/Lc/s25c4/00331957_00000063_1.pid_turboonly_tuple_sweights.root
P_Lc	root://eoslhcb.cern.ch//eos/lhcb/grid/prod/lhcb/anaprod/lhcb/LHCb/Collision25/PID_TURBOONLY_TUPLE.ROOT/00331957/0000/00331957_00000064_1.pid_turboonly_tuple.root	root://eoslhcb.cern.ch//eos/lhcb/wg/rta/WP4/PIDCalib2_sWeights/2025/MagUp/Lc/s25c4/00331957_00000064_1.pid_turboonly_tuple_sweights.root
P_Lc	root://eoslhcb.cern.ch//eos/lhcb/grid/prod/lhcb/anaprod/lhcb/LHCb/Collision25/PID_TURBOONLY_TUPLE.ROOT/00331957/0000/00331957_00000065_1.pid_turboonly_tuple.root	root://eoslhcb.cern.ch//eos/lhcb/wg/rta/WP4/PIDCalib2_sWeights/2025/MagUp/Lc/s25c4/00331957_00000065_1.pid_turboonly_tuple_sweights.root
P_Lc	root://eoslhcb.cern.ch//eos/lhcb/grid/prod/lhcb/anaprod/lhcb/LHCb/Collision25/PID_TURBOONLY_TUPLE.ROOT/00331957/0000/00331957_00000066_1.pid_turboonly_tuple.root	root://eoslhcb.cern.ch//eos/lhcb/wg/rta/WP4/PIDCalib2_sWeights/2025/MagUp/Lc/s25c4/00331957_00000066_1.pid_turboonly_tuple_sweights.root
P_Lc	root://eoslhcb.cern.ch//eos/lhcb/grid/prod/lhcb/anaprod/lhcb/LHCb/Collision25/PID_TURBOONLY_TUPLE.ROOT/00331957/0000/00331957_00000067_1.pid_turboonly_tuple.root	root://eoslhcb.cern.ch//eos/lhcb/wg/rta/WP4/PIDCalib2_sWeights/2025/MagUp/Lc/s25c4/00331957_00000067_1.pid_turboonly_tuple_sweights.root
P_Lc	root://eoslhcb.cern.ch//eos/lhcb/grid/prod/lhcb/anaprod/lhcb/LHCb/Collision25/PID_TURBOONLY_TUPLE.ROOT/00331957/0000/00331957_00000068_1.pid_turboonly_tuple.root	root://eoslhcb.cern.ch//eos/lhcb/wg/rta/WP4/PIDCalib2_sWeights/2025/MagUp/Lc/s25c4/00331957_00000068_1.pid_turboonly_tuple_sweights.root
P_Lc	root://eoslhcb.cern.ch//eos/lhcb/grid/prod/lhcb/anaprod/lhcb/LHCb/Collision25/PID_TURBOONLY_TUPLE.ROOT/00331957/0000/00331957_00000069_1.pid_turboonly_tuple.root	root://eoslhcb.cern.ch//eos/lhcb/wg/rta/WP4/PIDCalib2_sWeights/2025/MagUp/Lc/s25c4/00331957_00000069_1.pid_turboonly_tuple_sweights.root
P_Lc	root://eoslhcb.cern.ch//eos/lhcb/grid/prod/lhcb/anaprod/lhcb/LHCb/Collision25/PID_TURBOONLY_TUPLE.ROOT/00331957/0000/00331957_00000070_1.pid_turboonly_tuple.root	root://eoslhcb.cern.ch//eos/lhcb/wg/rta/WP4/PIDCalib2_sWeights/2025/MagUp/Lc/s25c4/00331957_00000070_1.pid_turboonly_tuple_sweights.root
P_Lc	root://eoslhcb.cern.ch//eos/lhcb/grid/prod/lhcb/anaprod/lhcb/LHCb/Collision25/PID_TURBOONLY_TUPLE.ROOT/00331957/0000/00331957_00000071_1.pid_turboonly_tuple.root	root://eoslhcb.cern.ch//eos/lhcb/wg/rta/WP4/PIDCalib2_sWeights/2025/MagUp/Lc/s25c4/00331957_00000071_1.pid_turboonly_tuple_sweights.root
P_Lc	root://eoslhcb.cern.ch//eos/lhcb/grid/prod/lhcb/anaprod/lhcb/LHCb/Collision25/PID_TURBOONLY_TUPLE.ROOT/00331957/0000/00331957_00000072_1.pid_turboonly_tuple.root	root://eoslhcb.cern.ch//eos/lhcb/wg/rta/WP4/PIDCalib2_sWeights/2025/MagUp/Lc/s25c4/00331957_00000072_1.pid_turboonly_tuple_sweights.root
P_Lc	root://eoslhcb.cern.ch//eos/lhcb/grid/prod/lhcb/anaprod/lhcb/LHCb/Collision25/PID_TURBOONLY_TUPLE.ROOT/00331957/0000/00331957_00000073_1.pid_turboonly_tuple.root	root://eoslhcb.cern.ch//eos/lhcb/wg/rta/WP4/PIDCalib2_sWeights/2025/MagUp/Lc/s25c4/00331957_00000073_1.pid_turboonly_tuple_sweights.root
P_Lc	root://eoslhcb.cern.ch//eos/lhcb/grid/prod/lhcb/anaprod/lhcb/LHCb/Collision25/PID_TURBOONLY_TUPLE.ROOT/00331957/0000/00331957_00000074_1.pid_turboonly_tuple.root	root://eoslhcb.cern.ch//eos/lhcb/wg/rta/WP4/PIDCalib2_sWeights/2025/MagUp/Lc/s25c4/00331957_00000074_1.pid_turboonly_tuple_sweights.root
P_Lc	root://eoslhcb.cern.ch//eos/lhcb/grid/prod/lhcb/anaprod/lhcb/LHCb/Collision25/PID_TURBOONLY_TUPLE.ROOT/00331957/0000/00331957_00000075_1.pid_turboonly_tuple.root	root://eoslhcb.cern.ch//eos/lhcb/wg/rta/WP4/PIDCalib2_sWeights/2025/MagUp/Lc/s25c4/00331957_00000075_1.pid_turboonly_tuple_sweights.root
P_Lc	root://eoslhcb.cern.ch//eos/lhcb/grid/prod/lhcb/anaprod/lhcb/LHCb/Collision25/PID_TURBOONLY_TUPLE.ROOT/00331957/0000/00331957_00000076_1.pid_turboonly_tuple.root	root://eoslhcb.cern.ch//eos/lhcb/wg/rta/WP4/PIDCalib2_sWeights/2025/MagUp/Lc/s25c4/00331957_00000076_1.pid_turboonly_tuple_sweights.root
P_Lc	root://eoslhcb.cern.ch//eos/lhcb/grid/prod/lhcb/anaprod/lhcb/LHCb/Collision25/PID_TURBOONLY_TUPLE.ROOT/00331957/0000/00331957_00000077_1.pid_turboonly_tuple.root	root://eoslhcb.cern.ch//eos/lhcb/wg/rta/WP4/PIDCalib2_sWeights/2025/MagUp/Lc/s25c4/00331957_00000077_1.pid_turboonly_tuple_sweights.root
P_Lc	root://eoslhcb.cern.ch//eos/lhcb/grid/prod/lhcb/anaprod/lhcb/LHCb/Collision25/PID_TURBOONLY_TUPLE.ROOT/00331957/0000/00331957_00000078_1.pid_turboonly_tuple.root	root://eoslhcb.cern.ch//eos/lhcb/wg/rta/WP4/PIDCalib2_sWeights/2025/MagUp/Lc/s25c4/00331957_00000078_1.pid_turboonly_tuple_sweights.root
P_Lc	root://eoslhcb.cern.ch//eos/lhcb/grid/prod/lhcb/anaprod/lhcb/LHCb/Collision25/PID_TURBOONLY_TUPLE.ROOT/00331957/0000/00331957_00000079_1.pid_turboonly_tuple.root	root://eoslhcb.cern.ch//eos/lhcb/wg/rta/WP4/PIDCalib2_sWeights/2025/MagUp/Lc/s25c4/00331957_00000079_1.pid_turboonly_tuple_sweights.root
P_Lc	root://eoslhcb.cern.ch//eos/lhcb/grid/prod/lhcb/anaprod/lhcb/LHCb/Collision25/PID_TURBOONLY_TUPLE.ROOT/00331957/0000/00331957_00000080_1.pid_turboonly_tuple.root	root://eoslhcb.cern.ch//eos/lhcb/wg/rta/WP4/PIDCalib2_sWeights/2025/MagUp/Lc/s25c4/00331957_00000080_1.pid_turboonly_tuple_sweights.root
P_Lc	root://eoslhcb.cern.ch//eos/lhcb/grid/prod/lhcb/anaprod/lhcb/LHCb/Collision25/PID_TURBOONLY_TUPLE.ROOT/00331957/0000/00331957_00000081_1.pid_turboonly_tuple.root	root://eoslhcb.cern.ch//eos/lhcb/wg/rta/WP4/PIDCalib2_sWeights/2025/MagUp/Lc/s25c4/00331957_00000081_1.pid_turboonly_tuple_sweights.root
P_Lc	root://eoslhcb.cern.ch//eos/lhcb/grid/prod/lhcb/anaprod/lhcb/LHCb/Collision25/PID_TURBOONLY_TUPLE.ROOT/00331957/0000/00331957_00000082_1.pid_turboonly_tuple.root	root://eoslhcb.cern.ch//eos/lhcb/wg/rta/WP4/PIDCalib2_sWeights/2025/MagUp/Lc/s25c4/00331957_00000082_1.pid_turboonly_tuple_sweights.root
P_Lc	root://eoslhcb.cern.ch//eos/lhcb/grid/prod/lhcb/anaprod/lhcb/LHCb/Collision25/PID_TURBOONLY_TUPLE.ROOT/00331957/0000/00331957_00000083_1.pid_turboonly_tuple.root	root://eoslhcb.cern.ch//eos/lhcb/wg/rta/WP4/PIDCalib2_sWeights/2025/MagUp/Lc/s25c4/00331957_00000083_1.pid_turboonly_tuple_sweights.root
P_Lc	root://eoslhcb.cern.ch//eos/lhcb/grid/prod/lhcb/anaprod/lhcb/LHCb/Collision25/PID_TURBOONLY_TUPLE.ROOT/00331957/0000/00331957_00000084_1.pid_turboonly_tuple.root	root://eoslhcb.cern.ch//eos/lhcb/wg/rta/WP4/PIDCalib2_sWeights/2025/MagUp/Lc/s25c4/00331957_00000084_1.pid_turboonly_tuple_sweights.root
P_Lc	root://eoslhcb.cern.ch//eos/lhcb/grid/prod/lhcb/anaprod/lhcb/LHCb/Collision25/PID_TURBOONLY_TUPLE.ROOT/00331957/0000/00331957_00000085_1.pid_turboonly_tuple.root	root://eoslhcb.cern.ch//eos/lhcb/wg/rta/WP4/PIDCalib2_sWeights/2025/MagUp/Lc/s25c4/00331957_00000085_1.pid_turboonly_tuple_sweights.root
P_Lc	root://eoslhcb.cern.ch//eos/lhcb/grid/prod/lhcb/anaprod/lhcb/LHCb/Collision25/PID_TURBOONLY_TUPLE.ROOT/00331957/0000/00331957_00000086_1.pid_turboonly_tuple.root	root://eoslhcb.cern.ch//eos/lhcb/wg/rta/WP4/PIDCalib2_sWeights/2025/MagUp/Lc/s25c4/00331957_00000086_1.pid_turboonly_tuple_sweights.root
P_Lc	root://eoslhcb.cern.ch//eos/lhcb/grid/prod/lhcb/anaprod/lhcb/LHCb/Collision25/PID_TURBOONLY_TUPLE.ROOT/00331957/0000/00331957_00000087_1.pid_turboonly_tuple.root	root://eoslhcb.cern.ch//eos/lhcb/wg/rta/WP4/PIDCalib2_sWeights/2025/MagUp/Lc/s25c4/00331957_00000087_1.pid_turboonly_tuple_sweights.root
P_Lc	root://eoslhcb.cern.ch//eos/lhcb/grid/prod/lhcb/anaprod/lhcb/LHCb/Collision25/PID_TURBOONLY_TUPLE.ROOT/00331957/0000/00331957_00000088_1.pid_turboonly_tuple.root	root://eoslhcb.cern.ch//eos/lhcb/wg/rta/WP4/PIDCalib2_sWeights/2025/MagUp/Lc/s25c4/00331957_00000088_1.pid_turboonly_tuple_sweights.root
P_Lc	root://eoslhcb.cern.ch//eos/lhcb/grid/prod/lhcb/anaprod/lhcb/LHCb/Collision25/PID_TURBOONLY_TUPLE.ROOT/00331957/0000/00331957_00000089_1.pid_turboonly_tuple.root	root://eoslhcb.cern.ch//eos/lhcb/wg/rta/WP4/PIDCalib2_sWeights/2025/MagUp/Lc/s25c4/00331957_00000089_1.pid_turboonly_tuple_sweights.root
P_Lc	root://eoslhcb.cern.ch//eos/lhcb/grid/prod/lhcb/anaprod/lhcb/LHCb/Collision25/PID_TURBOONLY_TUPLE.ROOT/00331957/0000/00331957_00000090_1.pid_turboonly_tuple.root	root://eoslhcb.cern.ch//eos/lhcb/wg/rta/WP4/PIDCalib2_sWeights/2025/MagUp/Lc/s25c4/00331957_00000090_1.pid_turboonly_tuple_sweights.root
P_Lc	root://eoslhcb.cern.ch//eos/lhcb/grid/prod/lhcb/anaprod/lhcb/LHCb/Collision25/PID_TURBOONLY_TUPLE.ROOT/00331957/0000/00331957_00000091_1.pid_turboonly_tuple.root	root://eoslhcb.cern.ch//eos/lhcb/wg/rta/WP4/PIDCalib2_sWeights/2025/MagUp/Lc/s25c4/00331957_00000091_1.pid_turboonly_tuple_sweights.root
P_Lc	root://eoslhcb.cern.ch//eos/lhcb/grid/prod/lhcb/anaprod/lhcb/LHCb/Collision25/PID_TURBOONLY_TUPLE.ROOT/00331957/0000/00331957_00000092_1.pid_turboonly_tuple.root	root://eoslhcb.cern.ch//eos/lhcb/wg/rta/WP4/PIDCalib2_sWeights/2025/MagUp/Lc/s25c4/00331957_00000092_1.pid_turboonly_tuple_sweights.root
P_Lc	root://eoslhcb.cern.ch//eos/lhcb/grid/prod/lhcb/anaprod/lhcb/LHCb/Collision25/PID_TURBOONLY_TUPLE.ROOT/00331957/0000/00331957_00000093_1.pid_turboonly_tuple.root	root://eoslhcb.cern.ch//eos/lhcb/wg/rta/WP4/PIDCalib2_sWeights/2025/MagUp/Lc/s25c4/00331957_00000093_1.pid_turboonly_tuple_sweights.root
P_Lc	root://eoslhcb.cern.ch//eos/lhcb/grid/prod/lhcb/anaprod/lhcb/LHCb/Collision25/PID_TURBOONLY_TUPLE.ROOT/00331957/0000/00331957_00000094_1.pid_turboonly_tuple.root	root://eoslhcb.cern.ch//eos/lhcb/wg/rta/WP4/PIDCalib2_sWeights/2025/MagUp/Lc/s25c4/00331957_00000094_1.pid_turboonly_tuple_sweights.root
P_Lc	root://eoslhcb.cern.ch//eos/lhcb/grid/prod/lhcb/anaprod/lhcb/LHCb/Collision25/PID_TURBOONLY_TUPLE.ROOT/00331957/0000/00331957_00000095_1.pid_turboonly_tuple.root	root://eoslhcb.cern.ch//eos/lhcb/wg/rta/WP4/PIDCalib2_sWeights/2025/MagUp/Lc/s25c4/00331957_00000095_1.pid_turboonly_tuple_sweights.root
P_Lc	root://eoslhcb.cern.ch//eos/lhcb/grid/prod/lhcb/anaprod/lhcb/LHCb/Collision25/PID_TURBOONLY_TUPLE.ROOT/00331957/0000/00331957_00000096_1.pid_turboonly_tuple.root	root://eoslhcb.cern.ch//eos/lhcb/wg/rta/WP4/PIDCalib2_sWeights/2025/MagUp/Lc/s25c4/00331957_00000096_1.pid_turboonly_tuple_sweights.root
P_Lc	root://eoslhcb.cern.ch//eos/lhcb/grid/prod/lhcb/anaprod/lhcb/LHCb/Collision25/PID_TURBOONLY_TUPLE.ROOT/00331957/0000/00331957_00000097_1.pid_turboonly_tuple.root	root://eoslhcb.cern.ch//eos/lhcb/wg/rta/WP4/PIDCalib2_sWeights/2025/MagUp/Lc/s25c4/00331957_00000097_1.pid_turboonly_tuple_sweights.root
P_Lc	root://eoslhcb.cern.ch//eos/lhcb/grid/prod/lhcb/anaprod/lhcb/LHCb/Collision25/PID_TURBOONLY_TUPLE.ROOT/00331957/0000/00331957_00000098_1.pid_turboonly_tuple.root	root://eoslhcb.cern.ch//eos/lhcb/wg/rta/WP4/PIDCalib2_sWeights/2025/MagUp/Lc/s25c4/00331957_00000098_1.pid_turboonly_tuple_sweights.root
P_Lc	root://eoslhcb.cern.ch//eos/lhcb/grid/prod/lhcb/anaprod/lhcb/LHCb/Collision25/PID_TURBOONLY_TUPLE.ROOT/00331957/0000/00331957_00000099_1.pid_turboonly_tuple.root	root://eoslhcb.cern.ch//eos/lhcb/wg/rta/WP4/PIDCalib2_sWeights/2025/MagUp/Lc/s25c4/00331957_00000099_1.pid_turboonly_tuple_sweights.root
P_Lc	root://eoslhcb.cern.ch//eos/lhcb/grid/prod/lhcb/anaprod/lhcb/LHCb/Collision25/PID_TURBOONLY_TUPLE.ROOT/00331957/0000/00331957_00000100_1.pid_turboonly_tuple.root	root://eoslhcb.cern.ch//eos/lhcb/wg/rta/WP4/PIDCalib2_sWeights/2025/MagUp/Lc/s25c4/00331957_00000100_1.pid_turboonly_tuple_sweights.root
P_Lc	root://eoslhcb.cern.ch//eos/lhcb/grid/prod/lhcb/anaprod/lhcb/LHCb/Collision25/PID_TURBOONLY_TUPLE.ROOT/00331957/0000/00331957_00000101_1.pid_turboonly_tuple.root	root://eoslhcb.cern.ch//eos/lhcb/wg/rta/WP4/PIDCalib2_sWeights/2025/MagUp/Lc/s25c4/00331957_00000101_1.pid_turboonly_tuple_sweights.root
P_Lc	root://eoslhcb.cern.ch//eos/lhcb/grid/prod/lhcb/anaprod/lhcb/LHCb/Collision25/PID_TURBOONLY_TUPLE.ROOT/00331957/0000/00331957_00000102_1.pid_turboonly_tuple.root	root://eoslhcb.cern.ch//eos/lhcb/wg/rta/WP4/PIDCalib2_sWeights/2025/MagUp/Lc/s25c4/00331957_00000102_1.pid_turboonly_tuple_sweights.root
P_Lc	root://eoslhcb.cern.ch//eos/lhcb/grid/prod/lhcb/anaprod/lhcb/LHCb/Collision25/PID_TURBOONLY_TUPLE.ROOT/00331957/0000/00331957_00000103_1.pid_turboonly_tuple.root	root://eoslhcb.cern.ch//eos/lhcb/wg/rta/WP4/PIDCalib2_sWeights/2025/MagUp/Lc/s25c4/00331957_00000103_1.pid_turboonly_tuple_sweights.root
P_Lc	root://eoslhcb.cern.ch//eos/lhcb/grid/prod/lhcb/anaprod/lhcb/LHCb/Collision25/PID_TURBOONLY_TUPLE.ROOT/00331957/0000/00331957_00000104_1.pid_turboonly_tuple.root	root://eoslhcb.cern.ch//eos/lhcb/wg/rta/WP4/PIDCalib2_sWeights/2025/MagUp/Lc/s25c4/00331957_00000104_1.pid_turboonly_tuple_sweights.root
P_Lc	root://eoslhcb.cern.ch//eos/lhcb/grid/prod/lhcb/anaprod/lhcb/LHCb/Collision25/PID_TURBOONLY_TUPLE.ROOT/00331957/0000/00331957_00000105_1.pid_turboonly_tuple.root	root://eoslhcb.cern.ch//eos/lhcb/wg/rta/WP4/PIDCalib2_sWeights/2025/MagUp/Lc/s25c4/00331957_00000105_1.pid_turboonly_tuple_sweights.root
P_Lc	root://eoslhcb.cern.ch//eos/lhcb/grid/prod/lhcb/anaprod/lhcb/LHCb/Collision25/PID_TURBOONLY_TUPLE.ROOT/00331957/0000/00331957_00000106_1.pid_turboonly_tuple.root	root://eoslhcb.cern.ch//eos/lhcb/wg/rta/WP4/PIDCalib2_sWeights/2025/MagUp/Lc/s25c4/00331957_00000106_1.pid_turboonly_tuple_sweights.root
P_Lc	root://eoslhcb.cern.ch//eos/lhcb/grid/prod/lhcb/anaprod/lhcb/LHCb/Collision25/PID_TURBOONLY_TUPLE.ROOT/00331957/0000/00331957_00000107_1.pid_turboonly_tuple.root	root://eoslhcb.cern.ch//eos/lhcb/wg/rta/WP4/PIDCalib2_sWeights/2025/MagUp/Lc/s25c4/00331957_00000107_1.pid_turboonly_tuple_sweights.root
P_Lc	root://eoslhcb.cern.ch//eos/lhcb/grid/prod/lhcb/anaprod/lhcb/LHCb/Collision25/PID_TURBOONLY_TUPLE.ROOT/00331957/0000/00331957_00000108_1.pid_turboonly_tuple.root	root://eoslhcb.cern.ch//eos/lhcb/wg/rta/WP4/PIDCalib2_sWeights/2025/MagUp/Lc/s25c4/00331957_00000108_1.pid_turboonly_tuple_sweights.root
P_Lc	root://eoslhcb.cern.ch//eos/lhcb/grid/prod/lhcb/anaprod/lhcb/LHCb/Collision25/PID_TURBOONLY_TUPLE.ROOT/00331957/0000/00331957_00000109_1.pid_turboonly_tuple.root	root://eoslhcb.cern.ch//eos/lhcb/wg/rta/WP4/PIDCalib2_sWeights/2025/MagUp/Lc/s25c4/00331957_00000109_1.pid_turboonly_tuple_sweights.root
P_Lc	root://eoslhcb.cern.ch//eos/lhcb/grid/prod/lhcb/anaprod/lhcb/LHCb/Collision25/PID_TURBOONLY_TUPLE.ROOT/00331957/0000/00331957_00000110_1.pid_turboonly_tuple.root	root://eoslhcb.cern.ch//eos/lhcb/wg/rta/WP4/PIDCalib2_sWeights/2025/MagUp/Lc/s25c4/00331957_00000110_1.pid_turboonly_tuple_sweights.root
P_Lc	root://eoslhcb.cern.ch//eos/lhcb/grid/prod/lhcb/anaprod/lhcb/LHCb/Collision25/PID_TURBOONLY_TUPLE.ROOT/00331957/0000/00331957_00000111_1.pid_turboonly_tuple.root	root://eoslhcb.cern.ch//eos/lhcb/wg/rta/WP4/PIDCalib2_sWeights/2025/MagUp/Lc/s25c4/00331957_00000111_1.pid_turboonly_tuple_sweights.root
P_Lc	root://eoslhcb.cern.ch//eos/lhcb/grid/prod/lhcb/anaprod/lhcb/LHCb/Collision25/PID_TURBOONLY_TUPLE.ROOT/00331957/0000/00331957_00000112_1.pid_turboonly_tuple.root	root://eoslhcb.cern.ch//eos/lhcb/wg/rta/WP4/PIDCalib2_sWeights/2025/MagUp/Lc/s25c4/00331957_00000112_1.pid_turboonly_tuple_sweights.root
P_Lc	root://eoslhcb.cern.ch//eos/lhcb/grid/prod/lhcb/anaprod/lhcb/LHCb/Collision25/PID_TURBOONLY_TUPLE.ROOT/00331957/0000/00331957_00000113_1.pid_turboonly_tuple.root	root://eoslhcb.cern.ch//eos/lhcb/wg/rta/WP4/PIDCalib2_sWeights/2025/MagUp/Lc/s25c4/00331957_00000113_1.pid_turboonly_tuple_sweights.root
P_Lc	root://eoslhcb.cern.ch//eos/lhcb/grid/prod/lhcb/anaprod/lhcb/LHCb/Collision25/PID_TURBOONLY_TUPLE.ROOT/00331957/0000/00331957_00000114_1.pid_turboonly_tuple.root	root://eoslhcb.cern.ch//eos/lhcb/wg/rta/WP4/PIDCalib2_sWeights/2025/MagUp/Lc/s25c4/00331957_00000114_1.pid_turboonly_tuple_sweights.root
P_Lc	root://eoslhcb.cern.ch//eos/lhcb/grid/prod/lhcb/anaprod/lhcb/LHCb/Collision25/PID_TURBOONLY_TUPLE.ROOT/00331957/0000/00331957_00000115_1.pid_turboonly_tuple.root	root://eoslhcb.cern.ch//eos/lhcb/wg/rta/WP4/PIDCalib2_sWeights/2025/MagUp/Lc/s25c4/00331957_00000115_1.pid_turboonly_tuple_sweights.root
P_Lc	root://eoslhcb.cern.ch//eos/lhcb/grid/prod/lhcb/anaprod/lhcb/LHCb/Collision25/PID_TURBOONLY_TUPLE.ROOT/00331957/0000/00331957_00000116_1.pid_turboonly_tuple.root	root://eoslhcb.cern.ch//eos/lhcb/wg/rta/WP4/PIDCalib2_sWeights/2025/MagUp/Lc/s25c4/00331957_00000116_1.pid_turboonly_tuple_sweights.root
P_Lc	root://eoslhcb.cern.ch//eos/lhcb/grid/prod/lhcb/anaprod/lhcb/LHCb/Collision25/PID_TURBOONLY_TUPLE.ROOT/00331957/0000/00331957_00000117_1.pid_turboonly_tuple.root	root://eoslhcb.cern.ch//eos/lhcb/wg/rta/WP4/PIDCalib2_sWeights/2025/MagUp/Lc/s25c4/00331957_00000117_1.pid_turboonly_tuple_sweights.root
P_Lc	root://eoslhcb.cern.ch//eos/lhcb/grid/prod/lhcb/anaprod/lhcb/LHCb/Collision25/PID_TURBOONLY_TUPLE.ROOT/00331957/0000/00331957_00000118_1.pid_turboonly_tuple.root	root://eoslhcb.cern.ch//eos/lhcb/wg/rta/WP4/PIDCalib2_sWeights/2025/MagUp/Lc/s25c4/00331957_00000118_1.pid_turboonly_tuple_sweights.root
P_Lc	root://eoslhcb.cern.ch//eos/lhcb/grid/prod/lhcb/anaprod/lhcb/LHCb/Collision25/PID_TURBOONLY_TUPLE.ROOT/00331957/0000/00331957_00000119_1.pid_turboonly_tuple.root	root://eoslhcb.cern.ch//eos/lhcb/wg/rta/WP4/PIDCalib2_sWeights/2025/MagUp/Lc/s25c4/00331957_00000119_1.pid_turboonly_tuple_sweights.root
P_Lc	root://eoslhcb.cern.ch//eos/lhcb/grid/prod/lhcb/anaprod/lhcb/LHCb/Collision25/PID_TURBOONLY_TUPLE.ROOT/00331957/0000/00331957_00000120_1.pid_turboonly_tuple.root	root://eoslhcb.cern.ch//eos/lhcb/wg/rta/WP4/PIDCalib2_sWeights/2025/MagUp/Lc/s25c4/00331957_00000120_1.pid_turboonly_tuple_sweights.root
P_Lc	root://eoslhcb.cern.ch//eos/lhcb/grid/prod/lhcb/anaprod/lhcb/LHCb/Collision25/PID_TURBOONLY_TUPLE.ROOT/00331957/0000/00331957_00000121_1.pid_turboonly_tuple.root	root://eoslhcb.cern.ch//eos/lhcb/wg/rta/WP4/PIDCalib2_sWeights/2025/MagUp/Lc/s25c4/00331957_00000121_1.pid_turboonly_tuple_sweights.root
P_Lc	root://eoslhcb.cern.ch//eos/lhcb/grid/prod/lhcb/anaprod/lhcb/LHCb/Collision25/PID_TURBOONLY_TUPLE.ROOT/00331957/0000/00331957_00000122_1.pid_turboonly_tuple.root	root://eoslhcb.cern.ch//eos/lhcb/wg/rta/WP4/PIDCalib2_sWeights/2025/MagUp/Lc/s25c4/00331957_00000122_1.pid_turboonly_tuple_sweights.root
P_Lc	root://eoslhcb.cern.ch//eos/lhcb/grid/prod/lhcb/anaprod/lhcb/LHCb/Collision25/PID_TURBOONLY_TUPLE.ROOT/00331957/0000/00331957_00000123_1.pid_turboonly_tuple.root	root://eoslhcb.cern.ch//eos/lhcb/wg/rta/WP4/PIDCalib2_sWeights/2025/MagUp/Lc/s25c4/00331957_00000123_1.pid_turboonly_tuple_sweights.root
P_Lc	root://eoslhcb.cern.ch//eos/lhcb/grid/prod/lhcb/anaprod/lhcb/LHCb/Collision25/PID_TURBOONLY_TUPLE.ROOT/00331957/0000/00331957_00000124_1.pid_turboonly_tuple.root	root://eoslhcb.cern.ch//eos/lhcb/wg/rta/WP4/PIDCalib2_sWeights/2025/MagUp/Lc/s25c4/00331957_00000124_1.pid_turboonly_tuple_sweights.root
P_Lc	root://eoslhcb.cern.ch//eos/lhcb/grid/prod/lhcb/anaprod/lhcb/LHCb/Collision25/PID_TURBOONLY_TUPLE.ROOT/00331957/0000/00331957_00000125_1.pid_turboonly_tuple.root	root://eoslhcb.cern.ch//eos/lhcb/wg/rta/WP4/PIDCalib2_sWeights/2025/MagUp/Lc/s25c4/00331957_00000125_1.pid_turboonly_tuple_sweights.root
P_Lc	root://eoslhcb.cern.ch//eos/lhcb/grid/prod/lhcb/anaprod/lhcb/LHCb/Collision25/PID_TURBOONLY_TUPLE.ROOT/00331957/0000/00331957_00000126_1.pid_turboonly_tuple.root	root://eoslhcb.cern.ch//eos/lhcb/wg/rta/WP4/PIDCalib2_sWeights/2025/MagUp/Lc/s25c4/00331957_00000126_1.pid_turboonly_tuple_sweights.root
P_Lc	root://eoslhcb.cern.ch//eos/lhcb/grid/prod/lhcb/anaprod/lhcb/LHCb/Collision25/PID_TURBOONLY_TUPLE.ROOT/00331957/0000/00331957_00000127_1.pid_turboonly_tuple.root	root://eoslhcb.cern.ch//eos/lhcb/wg/rta/WP4/PIDCalib2_sWeights/2025/MagUp/Lc/s25c4/00331957_00000127_1.pid_turboonly_tuple_sweights.root
P_Lc	root://eoslhcb.cern.ch//eos/lhcb/grid/prod/lhcb/anaprod/lhcb/LHCb/Collision25/PID_TURBOONLY_TUPLE.ROOT/00331957/0000/00331957_00000128_1.pid_turboonly_tuple.root	root://eoslhcb.cern.ch//eos/lhcb/wg/rta/WP4/PIDCalib2_sWeights/2025/MagUp/Lc/s25c4/00331957_00000128_1.pid_turboonly_tuple_sweights.root
P_Lc	root://eoslhcb.cern.ch//eos/lhcb/grid/prod/lhcb/anaprod/lhcb/LHCb/Collision25/PID_TURBOONLY_TUPLE.ROOT/00331957/0000/00331957_00000129_1.pid_turboonly_tuple.root	root://eoslhcb.cern.ch//eos/lhcb/wg/rta/WP4/PIDCalib2_sWeights/2025/MagUp/Lc/s25c4/00331957_00000129_1.pid_turboonly_tuple_sweights.root
P_Lc	root://eoslhcb.cern.ch//eos/lhcb/grid/prod/lhcb/anaprod/lhcb/LHCb/Collision25/PID_TURBOONLY_TUPLE.ROOT/00331957/0000/00331957_00000130_1.pid_turboonly_tuple.root	root://eoslhcb.cern.ch//eos/lhcb/wg/rta/WP4/PIDCalib2_sWeights/2025/MagUp/Lc/s25c4/00331957_00000130_1.pid_turboonly_tuple_sweights.root
P_Lc	root://eoslhcb.cern.ch//eos/lhcb/grid/prod/lhcb/anaprod/lhcb/LHCb/Collision25/PID_TURBOONLY_TUPLE.ROOT/00331957/0000/00331957_00000131_1.pid_turboonly_tuple.root	root://eoslhcb.cern.ch//eos/lhcb/wg/rta/WP4/PIDCalib2_sWeights/2025/MagUp/Lc/s25c4/00331957_00000131_1.pid_turboonly_tuple_sweights.root
P_Lc	root://eoslhcb.cern.ch//eos/lhcb/grid/prod/lhcb/anaprod/lhcb/LHCb/Collision25/PID_TURBOONLY_TUPLE.ROOT/00331957/0000/00331957_00000132_1.pid_turboonly_tuple.root	root://eoslhcb.cern.ch//eos/lhcb/wg/rta/WP4/PIDCalib2_sWeights/2025/MagUp/Lc/s25c4/00331957_00000132_1.pid_turboonly_tuple_sweights.root
P_Lc	root://eoslhcb.cern.ch//eos/lhcb/grid/prod/lhcb/anaprod/lhcb/LHCb/Collision25/PID_TURBOONLY_TUPLE.ROOT/00331957/0000/00331957_00000133_1.pid_turboonly_tuple.root	root://eoslhcb.cern.ch//eos/lhcb/wg/rta/WP4/PIDCalib2_sWeights/2025/MagUp/Lc/s25c4/00331957_00000133_1.pid_turboonly_tuple_sweights.root
P_Lc	root://eoslhcb.cern.ch//eos/lhcb/grid/prod/lhcb/anaprod/lhcb/LHCb/Collision25/PID_TURBOONLY_TUPLE.ROOT/00331957/0000/00331957_00000134_1.pid_turboonly_tuple.root	root://eoslhcb.cern.ch//eos/lhcb/wg/rta/WP4/PIDCalib2_sWeights/2025/MagUp/Lc/s25c4/00331957_00000134_1.pid_turboonly_tuple_sweights.root
P_Lc	root://eoslhcb.cern.ch//eos/lhcb/grid/prod/lhcb/anaprod/lhcb/LHCb/Collision25/PID_TURBOONLY_TUPLE.ROOT/00331957/0000/00331957_00000135_1.pid_turboonly_tuple.root	root://eoslhcb.cern.ch//eos/lhcb/wg/rta/WP4/PIDCalib2_sWeights/2025/MagUp/Lc/s25c4/00331957_00000135_1.pid_turboonly_tuple_sweights.root
P_Lc	root://eoslhcb.cern.ch//eos/lhcb/grid/prod/lhcb/anaprod/lhcb/LHCb/Collision25/PID_TURBOONLY_TUPLE.ROOT/00331957/0000/00331957_00000136_1.pid_turboonly_tuple.root	root://eoslhcb.cern.ch//eos/lhcb/wg/rta/WP4/PIDCalib2_sWeights/2025/MagUp/Lc/s25c4/00331957_00000136_1.pid_turboonly_tuple_sweights.root
P_Lc	root://eoslhcb.cern.ch//eos/lhcb/grid/prod/lhcb/anaprod/lhcb/LHCb/Collision25/PID_TURBOONLY_TUPLE.ROOT/00331957/0000/00331957_00000137_1.pid_turboonly_tuple.root	root://eoslhcb.cern.ch//eos/lhcb/wg/rta/WP4/PIDCalib2_sWeights/2025/MagUp/Lc/s25c4/00331957_00000137_1.pid_turboonly_tuple_sweights.root
K	root://eoslhcb.cern.ch//eos/lhcb/grid/prod/lhcb/anaprod/lhcb/LHCb/Collision25/PID_TURBOONLY_TUPLE.ROOT/00331960/0000/00331960_00000001_1.pid_turboonly_tuple.root	root://eoslhcb.cern.ch//eos/lhcb/wg/rta/WP4/PIDCalib2_sWeights/2025/MagUp/DstToD0Pi_D0ToKPi/s25c4/K/00331960_00000001_1.pid_turboonly_tuple_sweights.root
K	root://eoslhcb.cern.ch//eos/lhcb/grid/prod/lhcb/anaprod/lhcb/LHCb/Collision25/PID_TURBOONLY_TUPLE.ROOT/00331960/0000/00331960_00000002_1.pid_turboonly_tuple.root	root://eoslhcb.cern.ch//eos/lhcb/wg/rta/WP4/PIDCalib2_sWeights/2025/MagUp/DstToD0Pi_D0ToKPi/s25c4/K/00331960_00000002_1.pid_turboonly_tuple_sweights.root
K	root://eoslhcb.cern.ch//eos/lhcb/grid/prod/lhcb/anaprod/lhcb/LHCb/Collision25/PID_TURBOONLY_TUPLE.ROOT/00331960/0000/00331960_00000003_1.pid_turboonly_tuple.root	root://eoslhcb.cern.ch//eos/lhcb/wg/rta/WP4/PIDCalib2_sWeights/2025/MagUp/DstToD0Pi_D0ToKPi/s25c4/K/00331960_00000003_1.pid_turboonly_tuple_sweights.root
K	root://eoslhcb.cern.ch//eos/lhcb/grid/prod/lhcb/anaprod/lhcb/LHCb/Collision25/PID_TURBOONLY_TUPLE.ROOT/00331960/0000/00331960_00000004_1.pid_turboonly_tuple.root	root://eoslhcb.cern.ch//eos/lhcb/wg/rta/WP4/PIDCalib2_sWeights/2025/MagUp/DstToD0Pi_D0ToKPi/s25c4/K/00331960_00000004_1.pid_turboonly_tuple_sweights.root
K	root://eoslhcb.cern.ch//eos/lhcb/grid/prod/lhcb/anaprod/lhcb/LHCb/Collision25/PID_TURBOONLY_TUPLE.ROOT/00331960/0000/00331960_00000005_1.pid_turboonly_tuple.root	root://eoslhcb.cern.ch//eos/lhcb/wg/rta/WP4/PIDCalib2_sWeights/2025/MagUp/DstToD0Pi_D0ToKPi/s25c4/K/00331960_00000005_1.pid_turboonly_tuple_sweights.root
K	root://eoslhcb.cern.ch//eos/lhcb/grid/prod/lhcb/anaprod/lhcb/LHCb/Collision25/PID_TURBOONLY_TUPLE.ROOT/00331960/0000/00331960_00000006_1.pid_turboonly_tuple.root	root://eoslhcb.cern.ch//eos/lhcb/wg/rta/WP4/PIDCalib2_sWeights/2025/MagUp/DstToD0Pi_D0ToKPi/s25c4/K/00331960_00000006_1.pid_turboonly_tuple_sweights.root
K	root://eoslhcb.cern.ch//eos/lhcb/grid/prod/lhcb/anaprod/lhcb/LHCb/Collision25/PID_TURBOONLY_TUPLE.ROOT/00331960/0000/00331960_00000007_1.pid_turboonly_tuple.root	root://eoslhcb.cern.ch//eos/lhcb/wg/rta/WP4/PIDCalib2_sWeights/2025/MagUp/DstToD0Pi_D0ToKPi/s25c4/K/00331960_00000007_1.pid_turboonly_tuple_sweights.root
K	root://eoslhcb.cern.ch//eos/lhcb/grid/prod/lhcb/anaprod/lhcb/LHCb/Collision25/PID_TURBOONLY_TUPLE.ROOT/00331960/0000/00331960_00000008_1.pid_turboonly_tuple.root	root://eoslhcb.cern.ch//eos/lhcb/wg/rta/WP4/PIDCalib2_sWeights/2025/MagUp/DstToD0Pi_D0ToKPi/s25c4/K/00331960_00000008_1.pid_turboonly_tuple_sweights.root
K	root://eoslhcb.cern.ch//eos/lhcb/grid/prod/lhcb/anaprod/lhcb/LHCb/Collision25/PID_TURBOONLY_TUPLE.ROOT/00331960/0000/00331960_00000009_1.pid_turboonly_tuple.root	root://eoslhcb.cern.ch//eos/lhcb/wg/rta/WP4/PIDCalib2_sWeights/2025/MagUp/DstToD0Pi_D0ToKPi/s25c4/K/00331960_00000009_1.pid_turboonly_tuple_sweights.root
K	root://eoslhcb.cern.ch//eos/lhcb/grid/prod/lhcb/anaprod/lhcb/LHCb/Collision25/PID_TURBOONLY_TUPLE.ROOT/00331960/0000/00331960_00000010_1.pid_turboonly_tuple.root	root://eoslhcb.cern.ch//eos/lhcb/wg/rta/WP4/PIDCalib2_sWeights/2025/MagUp/DstToD0Pi_D0ToKPi/s25c4/K/00331960_00000010_1.pid_turboonly_tuple_sweights.root
K	root://eoslhcb.cern.ch//eos/lhcb/grid/prod/lhcb/anaprod/lhcb/LHCb/Collision25/PID_TURBOONLY_TUPLE.ROOT/00331960/0000/00331960_00000011_1.pid_turboonly_tuple.root	root://eoslhcb.cern.ch//eos/lhcb/wg/rta/WP4/PIDCalib2_sWeights/2025/MagUp/DstToD0Pi_D0ToKPi/s25c4/K/00331960_00000011_1.pid_turboonly_tuple_sweights.root
K	root://eoslhcb.cern.ch//eos/lhcb/grid/prod/lhcb/anaprod/lhcb/LHCb/Collision25/PID_TURBOONLY_TUPLE.ROOT/00331960/0000/00331960_00000012_1.pid_turboonly_tuple.root	root://eoslhcb.cern.ch//eos/lhcb/wg/rta/WP4/PIDCalib2_sWeights/2025/MagUp/DstToD0Pi_D0ToKPi/s25c4/K/00331960_00000012_1.pid_turboonly_tuple_sweights.root
K	root://eoslhcb.cern.ch//eos/lhcb/grid/prod/lhcb/anaprod/lhcb/LHCb/Collision25/PID_TURBOONLY_TUPLE.ROOT/00331960/0000/00331960_00000013_1.pid_turboonly_tuple.root	root://eoslhcb.cern.ch//eos/lhcb/wg/rta/WP4/PIDCalib2_sWeights/2025/MagUp/DstToD0Pi_D0ToKPi/s25c4/K/00331960_00000013_1.pid_turboonly_tuple_sweights.root
K	root://eoslhcb.cern.ch//eos/lhcb/grid/prod/lhcb/anaprod/lhcb/LHCb/Collision25/PID_TURBOONLY_TUPLE.ROOT/00331960/0000/00331960_00000014_1.pid_turboonly_tuple.root	root://eoslhcb.cern.ch//eos/lhcb/wg/rta/WP4/PIDCalib2_sWeights/2025/MagUp/DstToD0Pi_D0ToKPi/s25c4/K/00331960_00000014_1.pid_turboonly_tuple_sweights.root
K	root://eoslhcb.cern.ch//eos/lhcb/grid/prod/lhcb/anaprod/lhcb/LHCb/Collision25/PID_TURBOONLY_TUPLE.ROOT/00331960/0000/00331960_00000015_1.pid_turboonly_tuple.root	root://eoslhcb.cern.ch//eos/lhcb/wg/rta/WP4/PIDCalib2_sWeights/2025/MagUp/DstToD0Pi_D0ToKPi/s25c4/K/00331960_00000015_1.pid_turboonly_tuple_sweights.root
K	root://eoslhcb.cern.ch//eos/lhcb/grid/prod/lhcb/anaprod/lhcb/LHCb/Collision25/PID_TURBOONLY_TUPLE.ROOT/00331960/0000/00331960_00000016_1.pid_turboonly_tuple.root	root://eoslhcb.cern.ch//eos/lhcb/wg/rta/WP4/PIDCalib2_sWeights/2025/MagUp/DstToD0Pi_D0ToKPi/s25c4/K/00331960_00000016_1.pid_turboonly_tuple_sweights.root
K	root://eoslhcb.cern.ch//eos/lhcb/grid/prod/lhcb/anaprod/lhcb/LHCb/Collision25/PID_TURBOONLY_TUPLE.ROOT/00331960/0000/00331960_00000017_1.pid_turboonly_tuple.root	root://eoslhcb.cern.ch//eos/lhcb/wg/rta/WP4/PIDCalib2_sWeights/2025/MagUp/DstToD0Pi_D0ToKPi/s25c4/K/00331960_00000017_1.pid_turboonly_tuple_sweights.root
K	root://eoslhcb.cern.ch//eos/lhcb/grid/prod/lhcb/anaprod/lhcb/LHCb/Collision25/PID_TURBOONLY_TUPLE.ROOT/00331960/0000/00331960_00000018_1.pid_turboonly_tuple.root	root://eoslhcb.cern.ch//eos/lhcb/wg/rta/WP4/PIDCalib2_sWeights/2025/MagUp/DstToD0Pi_D0ToKPi/s25c4/K/00331960_00000018_1.pid_turboonly_tuple_sweights.root
K	root://eoslhcb.cern.ch//eos/lhcb/grid/prod/lhcb/anaprod/lhcb/LHCb/Collision25/PID_TURBOONLY_TUPLE.ROOT/00331960/0000/00331960_00000019_1.pid_turboonly_tuple.root	root://eoslhcb.cern.ch//eos/lhcb/wg/rta/WP4/PIDCalib2_sWeights/2025/MagUp/DstToD0Pi_D0ToKPi/s25c4/K/00331960_00000019_1.pid_turboonly_tuple_sweights.root
K	root://eoslhcb.cern.ch//eos/lhcb/grid/prod/lhcb/anaprod/lhcb/LHCb/Collision25/PID_TURBOONLY_TUPLE.ROOT/00331960/0000/00331960_00000020_1.pid_turboonly_tuple.root	root://eoslhcb.cern.ch//eos/lhcb/wg/rta/WP4/PIDCalib2_sWeights/2025/MagUp/DstToD0Pi_D0ToKPi/s25c4/K/00331960_00000020_1.pid_turboonly_tuple_sweights.root
K	root://eoslhcb.cern.ch//eos/lhcb/grid/prod/lhcb/anaprod/lhcb/LHCb/Collision25/PID_TURBOONLY_TUPLE.ROOT/00331960/0000/00331960_00000021_1.pid_turboonly_tuple.root	root://eoslhcb.cern.ch//eos/lhcb/wg/rta/WP4/PIDCalib2_sWeights/2025/MagUp/DstToD0Pi_D0ToKPi/s25c4/K/00331960_00000021_1.pid_turboonly_tuple_sweights.root
K	root://eoslhcb.cern.ch//eos/lhcb/grid/prod/lhcb/anaprod/lhcb/LHCb/Collision25/PID_TURBOONLY_TUPLE.ROOT/00331960/0000/00331960_00000022_1.pid_turboonly_tuple.root	root://eoslhcb.cern.ch//eos/lhcb/wg/rta/WP4/PIDCalib2_sWeights/2025/MagUp/DstToD0Pi_D0ToKPi/s25c4/K/00331960_00000022_1.pid_turboonly_tuple_sweights.root
K	root://eoslhcb.cern.ch//eos/lhcb/grid/prod/lhcb/anaprod/lhcb/LHCb/Collision25/PID_TURBOONLY_TUPLE.ROOT/00331960/0000/00331960_00000023_1.pid_turboonly_tuple.root	root://eoslhcb.cern.ch//eos/lhcb/wg/rta/WP4/PIDCalib2_sWeights/2025/MagUp/DstToD0Pi_D0ToKPi/s25c4/K/00331960_00000023_1.pid_turboonly_tuple_sweights.root
K	root://eoslhcb.cern.ch//eos/lhcb/grid/prod/lhcb/anaprod/lhcb/LHCb/Collision25/PID_TURBOONLY_TUPLE.ROOT/00331960/0000/00331960_00000024_1.pid_turboonly_tuple.root	root://eoslhcb.cern.ch//eos/lhcb/wg/rta/WP4/PIDCalib2_sWeights/2025/MagUp/DstToD0Pi_D0ToKPi/s25c4/K/00331960_00000024_1.pid_turboonly_tuple_sweights.root
K	root://eoslhcb.cern.ch//eos/lhcb/grid/prod/lhcb/anaprod/lhcb/LHCb/Collision25/PID_TURBOONLY_TUPLE.ROOT/00331960/0000/00331960_00000025_1.pid_turboonly_tuple.root	root://eoslhcb.cern.ch//eos/lhcb/wg/rta/WP4/PIDCalib2_sWeights/2025/MagUp/DstToD0Pi_D0ToKPi/s25c4/K/00331960_00000025_1.pid_turboonly_tuple_sweights.root
K	root://eoslhcb.cern.ch//eos/lhcb/grid/prod/lhcb/anaprod/lhcb/LHCb/Collision25/PID_TURBOONLY_TUPLE.ROOT/00331960/0000/00331960_00000026_1.pid_turboonly_tuple.root	root://eoslhcb.cern.ch//eos/lhcb/wg/rta/WP4/PIDCalib2_sWeights/2025/MagUp/DstToD0Pi_D0ToKPi/s25c4/K/00331960_00000026_1.pid_turboonly_tuple_sweights.root
K	root://eoslhcb.cern.ch//eos/lhcb/grid/prod/lhcb/anaprod/lhcb/LHCb/Collision25/PID_TURBOONLY_TUPLE.ROOT/00331960/0000/00331960_00000027_1.pid_turboonly_tuple.root	root://eoslhcb.cern.ch//eos/lhcb/wg/rta/WP4/PIDCalib2_sWeights/2025/MagUp/DstToD0Pi_D0ToKPi/s25c4/K/00331960_00000027_1.pid_turboonly_tuple_sweights.root
K	root://eoslhcb.cern.ch//eos/lhcb/grid/prod/lhcb/anaprod/lhcb/LHCb/Collision25/PID_TURBOONLY_TUPLE.ROOT/00331960/0000/00331960_00000028_1.pid_turboonly_tuple.root	root://eoslhcb.cern.ch//eos/lhcb/wg/rta/WP4/PIDCalib2_sWeights/2025/MagUp/DstToD0Pi_D0ToKPi/s25c4/K/00331960_00000028_1.pid_turboonly_tuple_sweights.root
K	root://eoslhcb.cern.ch//eos/lhcb/grid/prod/lhcb/anaprod/lhcb/LHCb/Collision25/PID_TURBOONLY_TUPLE.ROOT/00331960/0000/00331960_00000029_1.pid_turboonly_tuple.root	root://eoslhcb.cern.ch//eos/lhcb/wg/rta/WP4/PIDCalib2_sWeights/2025/MagUp/DstToD0Pi_D0ToKPi/s25c4/K/00331960_00000029_1.pid_turboonly_tuple_sweights.root
K	root://eoslhcb.cern.ch//eos/lhcb/grid/prod/lhcb/anaprod/lhcb/LHCb/Collision25/PID_TURBOONLY_TUPLE.ROOT/00331960/0000/00331960_00000030_1.pid_turboonly_tuple.root	root://eoslhcb.cern.ch//eos/lhcb/wg/rta/WP4/PIDCalib2_sWeights/2025/MagUp/DstToD0Pi_D0ToKPi/s25c4/K/00331960_00000030_1.pid_turboonly_tuple_sweights.root
K	root://eoslhcb.cern.ch//eos/lhcb/grid/prod/lhcb/anaprod/lhcb/LHCb/Collision25/PID_TURBOONLY_TUPLE.ROOT/00331960/0000/00331960_00000031_1.pid_turboonly_tuple.root	root://eoslhcb.cern.ch//eos/lhcb/wg/rta/WP4/PIDCalib2_sWeights/2025/MagUp/DstToD0Pi_D0ToKPi/s25c4/K/00331960_00000031_1.pid_turboonly_tuple_sweights.root
K	root://eoslhcb.cern.ch//eos/lhcb/grid/prod/lhcb/anaprod/lhcb/LHCb/Collision25/PID_TURBOONLY_TUPLE.ROOT/00331960/0000/00331960_00000032_1.pid_turboonly_tuple.root	root://eoslhcb.cern.ch//eos/lhcb/wg/rta/WP4/PIDCalib2_sWeights/2025/MagUp/DstToD0Pi_D0ToKPi/s25c4/K/00331960_00000032_1.pid_turboonly_tuple_sweights.root
K	root://eoslhcb.cern.ch//eos/lhcb/grid/prod/lhcb/anaprod/lhcb/LHCb/Collision25/PID_TURBOONLY_TUPLE.ROOT/00331960/0000/00331960_00000033_1.pid_turboonly_tuple.root	root://eoslhcb.cern.ch//eos/lhcb/wg/rta/WP4/PIDCalib2_sWeights/2025/MagUp/DstToD0Pi_D0ToKPi/s25c4/K/00331960_00000033_1.pid_turboonly_tuple_sweights.root
K	root://eoslhcb.cern.ch//eos/lhcb/grid/prod/lhcb/anaprod/lhcb/LHCb/Collision25/PID_TURBOONLY_TUPLE.ROOT/00331960/0000/00331960_00000034_1.pid_turboonly_tuple.root	root://eoslhcb.cern.ch//eos/lhcb/wg/rta/WP4/PIDCalib2_sWeights/2025/MagUp/DstToD0Pi_D0ToKPi/s25c4/K/00331960_00000034_1.pid_turboonly_tuple_sweights.root
K	root://eoslhcb.cern.ch//eos/lhcb/grid/prod/lhcb/anaprod/lhcb/LHCb/Collision25/PID_TURBOONLY_TUPLE.ROOT/00331960/0000/00331960_00000035_1.pid_turboonly_tuple.root	root://eoslhcb.cern.ch//eos/lhcb/wg/rta/WP4/PIDCalib2_sWeights/2025/MagUp/DstToD0Pi_D0ToKPi/s25c4/K/00331960_00000035_1.pid_turboonly_tuple_sweights.root
K	root://eoslhcb.cern.ch//eos/lhcb/grid/prod/lhcb/anaprod/lhcb/LHCb/Collision25/PID_TURBOONLY_TUPLE.ROOT/00331960/0000/00331960_00000036_1.pid_turboonly_tuple.root	root://eoslhcb.cern.ch//eos/lhcb/wg/rta/WP4/PIDCalib2_sWeights/2025/MagUp/DstToD0Pi_D0ToKPi/s25c4/K/00331960_00000036_1.pid_turboonly_tuple_sweights.root
K	root://eoslhcb.cern.ch//eos/lhcb/grid/prod/lhcb/anaprod/lhcb/LHCb/Collision25/PID_TURBOONLY_TUPLE.ROOT/00331960/0000/00331960_00000037_1.pid_turboonly_tuple.root	root://eoslhcb.cern.ch//eos/lhcb/wg/rta/WP4/PIDCalib2_sWeights/2025/MagUp/DstToD0Pi_D0ToKPi/s25c4/K/00331960_00000037_1.pid_turboonly_tuple_sweights.root
K	root://eoslhcb.cern.ch//eos/lhcb/grid/prod/lhcb/anaprod/lhcb/LHCb/Collision25/PID_TURBOONLY_TUPLE.ROOT/00331960/0000/00331960_00000038_1.pid_turboonly_tuple.root	root://eoslhcb.cern.ch//eos/lhcb/wg/rta/WP4/PIDCalib2_sWeights/2025/MagUp/DstToD0Pi_D0ToKPi/s25c4/K/00331960_00000038_1.pid_turboonly_tuple_sweights.root
K	root://eoslhcb.cern.ch//eos/lhcb/grid/prod/lhcb/anaprod/lhcb/LHCb/Collision25/PID_TURBOONLY_TUPLE.ROOT/00331960/0000/00331960_00000039_1.pid_turboonly_tuple.root	root://eoslhcb.cern.ch//eos/lhcb/wg/rta/WP4/PIDCalib2_sWeights/2025/MagUp/DstToD0Pi_D0ToKPi/s25c4/K/00331960_00000039_1.pid_turboonly_tuple_sweights.root
K	root://eoslhcb.cern.ch//eos/lhcb/grid/prod/lhcb/anaprod/lhcb/LHCb/Collision25/PID_TURBOONLY_TUPLE.ROOT/00331960/0000/00331960_00000040_1.pid_turboonly_tuple.root	root://eoslhcb.cern.ch//eos/lhcb/wg/rta/WP4/PIDCalib2_sWeights/2025/MagUp/DstToD0Pi_D0ToKPi/s25c4/K/00331960_00000040_1.pid_turboonly_tuple_sweights.root
K	root://eoslhcb.cern.ch//eos/lhcb/grid/prod/lhcb/anaprod/lhcb/LHCb/Collision25/PID_TURBOONLY_TUPLE.ROOT/00331960/0000/00331960_00000041_1.pid_turboonly_tuple.root	root://eoslhcb.cern.ch//eos/lhcb/wg/rta/WP4/PIDCalib2_sWeights/2025/MagUp/DstToD0Pi_D0ToKPi/s25c4/K/00331960_00000041_1.pid_turboonly_tuple_sweights.root
K	root://eoslhcb.cern.ch//eos/lhcb/grid/prod/lhcb/anaprod/lhcb/LHCb/Collision25/PID_TURBOONLY_TUPLE.ROOT/00331960/0000/00331960_00000042_1.pid_turboonly_tuple.root	root://eoslhcb.cern.ch//eos/lhcb/wg/rta/WP4/PIDCalib2_sWeights/2025/MagUp/DstToD0Pi_D0ToKPi/s25c4/K/00331960_00000042_1.pid_turboonly_tuple_sweights.root
K	root://eoslhcb.cern.ch//eos/lhcb/grid/prod/lhcb/anaprod/lhcb/LHCb/Collision25/PID_TURBOONLY_TUPLE.ROOT/00331960/0000/00331960_00000043_1.pid_turboonly_tuple.root	root://eoslhcb.cern.ch//eos/lhcb/wg/rta/WP4/PIDCalib2_sWeights/2025/MagUp/DstToD0Pi_D0ToKPi/s25c4/K/00331960_00000043_1.pid_turboonly_tuple_sweights.root
K	root://eoslhcb.cern.ch//eos/lhcb/grid/prod/lhcb/anaprod/lhcb/LHCb/Collision25/PID_TURBOONLY_TUPLE.ROOT/00331960/0000/00331960_00000044_1.pid_turboonly_tuple.root	root://eoslhcb.cern.ch//eos/lhcb/wg/rta/WP4/PIDCalib2_sWeights/2025/MagUp/DstToD0Pi_D0ToKPi/s25c4/K/00331960_00000044_1.pid_turboonly_tuple_sweights.root
K	root://eoslhcb.cern.ch//eos/lhcb/grid/prod/lhcb/anaprod/lhcb/LHCb/Collision25/PID_TURBOONLY_TUPLE.ROOT/00331960/0000/00331960_00000045_1.pid_turboonly_tuple.root	root://eoslhcb.cern.ch//eos/lhcb/wg/rta/WP4/PIDCalib2_sWeights/2025/MagUp/DstToD0Pi_D0ToKPi/s25c4/K/00331960_00000045_1.pid_turboonly_tuple_sweights.root
K	root://eoslhcb.cern.ch//eos/lhcb/grid/prod/lhcb/anaprod/lhcb/LHCb/Collision25/PID_TURBOONLY_TUPLE.ROOT/00331960/0000/00331960_00000046_1.pid_turboonly_tuple.root	root://eoslhcb.cern.ch//eos/lhcb/wg/rta/WP4/PIDCalib2_sWeights/2025/MagUp/DstToD0Pi_D0ToKPi/s25c4/K/00331960_00000046_1.pid_turboonly_tuple_sweights.root
K	root://eoslhcb.cern.ch//eos/lhcb/grid/prod/lhcb/anaprod/lhcb/LHCb/Collision25/PID_TURBOONLY_TUPLE.ROOT/00331960/0000/00331960_00000047_1.pid_turboonly_tuple.root	root://eoslhcb.cern.ch//eos/lhcb/wg/rta/WP4/PIDCalib2_sWeights/2025/MagUp/DstToD0Pi_D0ToKPi/s25c4/K/00331960_00000047_1.pid_turboonly_tuple_sweights.root
K	root://eoslhcb.cern.ch//eos/lhcb/grid/prod/lhcb/anaprod/lhcb/LHCb/Collision25/PID_TURBOONLY_TUPLE.ROOT/00331960/0000/00331960_00000048_1.pid_turboonly_tuple.root	root://eoslhcb.cern.ch//eos/lhcb/wg/rta/WP4/PIDCalib2_sWeights/2025/MagUp/DstToD0Pi_D0ToKPi/s25c4/K/00331960_00000048_1.pid_turboonly_tuple_sweights.root
K	root://eoslhcb.cern.ch//eos/lhcb/grid/prod/lhcb/anaprod/lhcb/LHCb/Collision25/PID_TURBOONLY_TUPLE.ROOT/00331960/0000/00331960_00000049_1.pid_turboonly_tuple.root	root://eoslhcb.cern.ch//eos/lhcb/wg/rta/WP4/PIDCalib2_sWeights/2025/MagUp/DstToD0Pi_D0ToKPi/s25c4/K/00331960_00000049_1.pid_turboonly_tuple_sweights.root
K	root://eoslhcb.cern.ch//eos/lhcb/grid/prod/lhcb/anaprod/lhcb/LHCb/Collision25/PID_TURBOONLY_TUPLE.ROOT/00331960/0000/00331960_00000050_1.pid_turboonly_tuple.root	root://eoslhcb.cern.ch//eos/lhcb/wg/rta/WP4/PIDCalib2_sWeights/2025/MagUp/DstToD0Pi_D0ToKPi/s25c4/K/00331960_00000050_1.pid_turboonly_tuple_sweights.root
K	root://eoslhcb.cern.ch//eos/lhcb/grid/prod/lhcb/anaprod/lhcb/LHCb/Collision25/PID_TURBOONLY_TUPLE.ROOT/00331960/0000/00331960_00000051_1.pid_turboonly_tuple.root	root://eoslhcb.cern.ch//eos/lhcb/wg/rta/WP4/PIDCalib2_sWeights/2025/MagUp/DstToD0Pi_D0ToKPi/s25c4/K/00331960_00000051_1.pid_turboonly_tuple_sweights.root
K	root://eoslhcb.cern.ch//eos/lhcb/grid/prod/lhcb/anaprod/lhcb/LHCb/Collision25/PID_TURBOONLY_TUPLE.ROOT/00331960/0000/00331960_00000052_1.pid_turboonly_tuple.root	root://eoslhcb.cern.ch//eos/lhcb/wg/rta/WP4/PIDCalib2_sWeights/2025/MagUp/DstToD0Pi_D0ToKPi/s25c4/K/00331960_00000052_1.pid_turboonly_tuple_sweights.root
K	root://eoslhcb.cern.ch//eos/lhcb/grid/prod/lhcb/anaprod/lhcb/LHCb/Collision25/PID_TURBOONLY_TUPLE.ROOT/00331960/0000/00331960_00000053_1.pid_turboonly_tuple.root	root://eoslhcb.cern.ch//eos/lhcb/wg/rta/WP4/PIDCalib2_sWeights/2025/MagUp/DstToD0Pi_D0ToKPi/s25c4/K/00331960_00000053_1.pid_turboonly_tuple_sweights.root
K	root://eoslhcb.cern.ch//eos/lhcb/grid/prod/lhcb/anaprod/lhcb/LHCb/Collision25/PID_TURBOONLY_TUPLE.ROOT/00331960/0000/00331960_00000054_1.pid_turboonly_tuple.root	root://eoslhcb.cern.ch//eos/lhcb/wg/rta/WP4/PIDCalib2_sWeights/2025/MagUp/DstToD0Pi_D0ToKPi/s25c4/K/00331960_00000054_1.pid_turboonly_tuple_sweights.root
K	root://eoslhcb.cern.ch//eos/lhcb/grid/prod/lhcb/anaprod/lhcb/LHCb/Collision25/PID_TURBOONLY_TUPLE.ROOT/00331960/0000/00331960_00000055_1.pid_turboonly_tuple.root	root://eoslhcb.cern.ch//eos/lhcb/wg/rta/WP4/PIDCalib2_sWeights/2025/MagUp/DstToD0Pi_D0ToKPi/s25c4/K/00331960_00000055_1.pid_turboonly_tuple_sweights.root
K	root://eoslhcb.cern.ch//eos/lhcb/grid/prod/lhcb/anaprod/lhcb/LHCb/Collision25/PID_TURBOONLY_TUPLE.ROOT/00331960/0000/00331960_00000056_1.pid_turboonly_tuple.root	root://eoslhcb.cern.ch//eos/lhcb/wg/rta/WP4/PIDCalib2_sWeights/2025/MagUp/DstToD0Pi_D0ToKPi/s25c4/K/00331960_00000056_1.pid_turboonly_tuple_sweights.root
K	root://eoslhcb.cern.ch//eos/lhcb/grid/prod/lhcb/anaprod/lhcb/LHCb/Collision25/PID_TURBOONLY_TUPLE.ROOT/00331960/0000/00331960_00000057_1.pid_turboonly_tuple.root	root://eoslhcb.cern.ch//eos/lhcb/wg/rta/WP4/PIDCalib2_sWeights/2025/MagUp/DstToD0Pi_D0ToKPi/s25c4/K/00331960_00000057_1.pid_turboonly_tuple_sweights.root
K	root://eoslhcb.cern.ch//eos/lhcb/grid/prod/lhcb/anaprod/lhcb/LHCb/Collision25/PID_TURBOONLY_TUPLE.ROOT/00331960/0000/00331960_00000058_1.pid_turboonly_tuple.root	root://eoslhcb.cern.ch//eos/lhcb/wg/rta/WP4/PIDCalib2_sWeights/2025/MagUp/DstToD0Pi_D0ToKPi/s25c4/K/00331960_00000058_1.pid_turboonly_tuple_sweights.root
K	root://eoslhcb.cern.ch//eos/lhcb/grid/prod/lhcb/anaprod/lhcb/LHCb/Collision25/PID_TURBOONLY_TUPLE.ROOT/00331960/0000/00331960_00000059_1.pid_turboonly_tuple.root	root://eoslhcb.cern.ch//eos/lhcb/wg/rta/WP4/PIDCalib2_sWeights/2025/MagUp/DstToD0Pi_D0ToKPi/s25c4/K/00331960_00000059_1.pid_turboonly_tuple_sweights.root
K	root://eoslhcb.cern.ch//eos/lhcb/grid/prod/lhcb/anaprod/lhcb/LHCb/Collision25/PID_TURBOONLY_TUPLE.ROOT/00331960/0000/00331960_00000060_1.pid_turboonly_tuple.root	root://eoslhcb.cern.ch//eos/lhcb/wg/rta/WP4/PIDCalib2_sWeights/2025/MagUp/DstToD0Pi_D0ToKPi/s25c4/K/00331960_00000060_1.pid_turboonly_tuple_sweights.root
K	root://eoslhcb.cern.ch//eos/lhcb/grid/prod/lhcb/anaprod/lhcb/LHCb/Collision25/PID_TURBOONLY_TUPLE.ROOT/00331960/0000/00331960_00000061_1.pid_turboonly_tuple.root	root://eoslhcb.cern.ch//eos/lhcb/wg/rta/WP4/PIDCalib2_sWeights/2025/MagUp/DstToD0Pi_D0ToKPi/s25c4/K/00331960_00000061_1.pid_turboonly_tuple_sweights.root
K	root://eoslhcb.cern.ch//eos/lhcb/grid/prod/lhcb/anaprod/lhcb/LHCb/Collision25/PID_TURBOONLY_TUPLE.ROOT/00331960/0000/00331960_00000062_1.pid_turboonly_tuple.root	root://eoslhcb.cern.ch//eos/lhcb/wg/rta/WP4/PIDCalib2_sWeights/2025/MagUp/DstToD0Pi_D0ToKPi/s25c4/K/00331960_00000062_1.pid_turboonly_tuple_sweights.root
K	root://eoslhcb.cern.ch//eos/lhcb/grid/prod/lhcb/anaprod/lhcb/LHCb/Collision25/PID_TURBOONLY_TUPLE.ROOT/00331960/0000/00331960_00000063_1.pid_turboonly_tuple.root	root://eoslhcb.cern.ch//eos/lhcb/wg/rta/WP4/PIDCalib2_sWeights/2025/MagUp/DstToD0Pi_D0ToKPi/s25c4/K/00331960_00000063_1.pid_turboonly_tuple_sweights.root
K	root://eoslhcb.cern.ch//eos/lhcb/grid/prod/lhcb/anaprod/lhcb/LHCb/Collision25/PID_TURBOONLY_TUPLE.ROOT/00331960/0000/00331960_00000064_1.pid_turboonly_tuple.root	root://eoslhcb.cern.ch//eos/lhcb/wg/rta/WP4/PIDCalib2_sWeights/2025/MagUp/DstToD0Pi_D0ToKPi/s25c4/K/00331960_00000064_1.pid_turboonly_tuple_sweights.root
K	root://eoslhcb.cern.ch//eos/lhcb/grid/prod/lhcb/anaprod/lhcb/LHCb/Collision25/PID_TURBOONLY_TUPLE.ROOT/00331960/0000/00331960_00000065_1.pid_turboonly_tuple.root	root://eoslhcb.cern.ch//eos/lhcb/wg/rta/WP4/PIDCalib2_sWeights/2025/MagUp/DstToD0Pi_D0ToKPi/s25c4/K/00331960_00000065_1.pid_turboonly_tuple_sweights.root
K	root://eoslhcb.cern.ch//eos/lhcb/grid/prod/lhcb/anaprod/lhcb/LHCb/Collision25/PID_TURBOONLY_TUPLE.ROOT/00331960/0000/00331960_00000066_1.pid_turboonly_tuple.root	root://eoslhcb.cern.ch//eos/lhcb/wg/rta/WP4/PIDCalib2_sWeights/2025/MagUp/DstToD0Pi_D0ToKPi/s25c4/K/00331960_00000066_1.pid_turboonly_tuple_sweights.root
K	root://eoslhcb.cern.ch//eos/lhcb/grid/prod/lhcb/anaprod/lhcb/LHCb/Collision25/PID_TURBOONLY_TUPLE.ROOT/00331960/0000/00331960_00000067_1.pid_turboonly_tuple.root	root://eoslhcb.cern.ch//eos/lhcb/wg/rta/WP4/PIDCalib2_sWeights/2025/MagUp/DstToD0Pi_D0ToKPi/s25c4/K/00331960_00000067_1.pid_turboonly_tuple_sweights.root
K	root://eoslhcb.cern.ch//eos/lhcb/grid/prod/lhcb/anaprod/lhcb/LHCb/Collision25/PID_TURBOONLY_TUPLE.ROOT/00331960/0000/00331960_00000068_1.pid_turboonly_tuple.root	root://eoslhcb.cern.ch//eos/lhcb/wg/rta/WP4/PIDCalib2_sWeights/2025/MagUp/DstToD0Pi_D0ToKPi/s25c4/K/00331960_00000068_1.pid_turboonly_tuple_sweights.root
K	root://eoslhcb.cern.ch//eos/lhcb/grid/prod/lhcb/anaprod/lhcb/LHCb/Collision25/PID_TURBOONLY_TUPLE.ROOT/00331960/0000/00331960_00000069_1.pid_turboonly_tuple.root	root://eoslhcb.cern.ch//eos/lhcb/wg/rta/WP4/PIDCalib2_sWeights/2025/MagUp/DstToD0Pi_D0ToKPi/s25c4/K/00331960_00000069_1.pid_turboonly_tuple_sweights.root
K	root://eoslhcb.cern.ch//eos/lhcb/grid/prod/lhcb/anaprod/lhcb/LHCb/Collision25/PID_TURBOONLY_TUPLE.ROOT/00331960/0000/00331960_00000070_1.pid_turboonly_tuple.root	root://eoslhcb.cern.ch//eos/lhcb/wg/rta/WP4/PIDCalib2_sWeights/2025/MagUp/DstToD0Pi_D0ToKPi/s25c4/K/00331960_00000070_1.pid_turboonly_tuple_sweights.root
K	root://eoslhcb.cern.ch//eos/lhcb/grid/prod/lhcb/anaprod/lhcb/LHCb/Collision25/PID_TURBOONLY_TUPLE.ROOT/00331960/0000/00331960_00000071_1.pid_turboonly_tuple.root	root://eoslhcb.cern.ch//eos/lhcb/wg/rta/WP4/PIDCalib2_sWeights/2025/MagUp/DstToD0Pi_D0ToKPi/s25c4/K/00331960_00000071_1.pid_turboonly_tuple_sweights.root
K	root://eoslhcb.cern.ch//eos/lhcb/grid/prod/lhcb/anaprod/lhcb/LHCb/Collision25/PID_TURBOONLY_TUPLE.ROOT/00331960/0000/00331960_00000072_1.pid_turboonly_tuple.root	root://eoslhcb.cern.ch//eos/lhcb/wg/rta/WP4/PIDCalib2_sWeights/2025/MagUp/DstToD0Pi_D0ToKPi/s25c4/K/00331960_00000072_1.pid_turboonly_tuple_sweights.root
K	root://eoslhcb.cern.ch//eos/lhcb/grid/prod/lhcb/anaprod/lhcb/LHCb/Collision25/PID_TURBOONLY_TUPLE.ROOT/00331960/0000/00331960_00000073_1.pid_turboonly_tuple.root	root://eoslhcb.cern.ch//eos/lhcb/wg/rta/WP4/PIDCalib2_sWeights/2025/MagUp/DstToD0Pi_D0ToKPi/s25c4/K/00331960_00000073_1.pid_turboonly_tuple_sweights.root
K	root://eoslhcb.cern.ch//eos/lhcb/grid/prod/lhcb/anaprod/lhcb/LHCb/Collision25/PID_TURBOONLY_TUPLE.ROOT/00331960/0000/00331960_00000074_1.pid_turboonly_tuple.root	root://eoslhcb.cern.ch//eos/lhcb/wg/rta/WP4/PIDCalib2_sWeights/2025/MagUp/DstToD0Pi_D0ToKPi/s25c4/K/00331960_00000074_1.pid_turboonly_tuple_sweights.root
K	root://eoslhcb.cern.ch//eos/lhcb/grid/prod/lhcb/anaprod/lhcb/LHCb/Collision25/PID_TURBOONLY_TUPLE.ROOT/00331960/0000/00331960_00000075_1.pid_turboonly_tuple.root	root://eoslhcb.cern.ch//eos/lhcb/wg/rta/WP4/PIDCalib2_sWeights/2025/MagUp/DstToD0Pi_D0ToKPi/s25c4/K/00331960_00000075_1.pid_turboonly_tuple_sweights.root
K	root://eoslhcb.cern.ch//eos/lhcb/grid/prod/lhcb/anaprod/lhcb/LHCb/Collision25/PID_TURBOONLY_TUPLE.ROOT/00331960/0000/00331960_00000076_1.pid_turboonly_tuple.root	root://eoslhcb.cern.ch//eos/lhcb/wg/rta/WP4/PIDCalib2_sWeights/2025/MagUp/DstToD0Pi_D0ToKPi/s25c4/K/00331960_00000076_1.pid_turboonly_tuple_sweights.root
K	root://eoslhcb.cern.ch//eos/lhcb/grid/prod/lhcb/anaprod/lhcb/LHCb/Collision25/PID_TURBOONLY_TUPLE.ROOT/00331960/0000/00331960_00000077_1.pid_turboonly_tuple.root	root://eoslhcb.cern.ch//eos/lhcb/wg/rta/WP4/PIDCalib2_sWeights/2025/MagUp/DstToD0Pi_D0ToKPi/s25c4/K/00331960_00000077_1.pid_turboonly_tuple_sweights.root
K	root://eoslhcb.cern.ch//eos/lhcb/grid/prod/lhcb/anaprod/lhcb/LHCb/Collision25/PID_TURBOONLY_TUPLE.ROOT/00331960/0000/00331960_00000078_1.pid_turboonly_tuple.root	root://eoslhcb.cern.ch//eos/lhcb/wg/rta/WP4/PIDCalib2_sWeights/2025/MagUp/DstToD0Pi_D0ToKPi/s25c4/K/00331960_00000078_1.pid_turboonly_tuple_sweights.root
K	root://eoslhcb.cern.ch//eos/lhcb/grid/prod/lhcb/anaprod/lhcb/LHCb/Collision25/PID_TURBOONLY_TUPLE.ROOT/00331960/0000/00331960_00000079_1.pid_turboonly_tuple.root	root://eoslhcb.cern.ch//eos/lhcb/wg/rta/WP4/PIDCalib2_sWeights/2025/MagUp/DstToD0Pi_D0ToKPi/s25c4/K/00331960_00000079_1.pid_turboonly_tuple_sweights.root
K	root://eoslhcb.cern.ch//eos/lhcb/grid/prod/lhcb/anaprod/lhcb/LHCb/Collision25/PID_TURBOONLY_TUPLE.ROOT/00331960/0000/00331960_00000080_1.pid_turboonly_tuple.root	root://eoslhcb.cern.ch//eos/lhcb/wg/rta/WP4/PIDCalib2_sWeights/2025/MagUp/DstToD0Pi_D0ToKPi/s25c4/K/00331960_00000080_1.pid_turboonly_tuple_sweights.root
K	root://eoslhcb.cern.ch//eos/lhcb/grid/prod/lhcb/anaprod/lhcb/LHCb/Collision25/PID_TURBOONLY_TUPLE.ROOT/00331960/0000/00331960_00000081_1.pid_turboonly_tuple.root	root://eoslhcb.cern.ch//eos/lhcb/wg/rta/WP4/PIDCalib2_sWeights/2025/MagUp/DstToD0Pi_D0ToKPi/s25c4/K/00331960_00000081_1.pid_turboonly_tuple_sweights.root
K	root://eoslhcb.cern.ch//eos/lhcb/grid/prod/lhcb/anaprod/lhcb/LHCb/Collision25/PID_TURBOONLY_TUPLE.ROOT/00331960/0000/00331960_00000082_1.pid_turboonly_tuple.root	root://eoslhcb.cern.ch//eos/lhcb/wg/rta/WP4/PIDCalib2_sWeights/2025/MagUp/DstToD0Pi_D0ToKPi/s25c4/K/00331960_00000082_1.pid_turboonly_tuple_sweights.root
K	root://eoslhcb.cern.ch//eos/lhcb/grid/prod/lhcb/anaprod/lhcb/LHCb/Collision25/PID_TURBOONLY_TUPLE.ROOT/00331960/0000/00331960_00000083_1.pid_turboonly_tuple.root	root://eoslhcb.cern.ch//eos/lhcb/wg/rta/WP4/PIDCalib2_sWeights/2025/MagUp/DstToD0Pi_D0ToKPi/s25c4/K/00331960_00000083_1.pid_turboonly_tuple_sweights.root
K	root://eoslhcb.cern.ch//eos/lhcb/grid/prod/lhcb/anaprod/lhcb/LHCb/Collision25/PID_TURBOONLY_TUPLE.ROOT/00331960/0000/00331960_00000084_1.pid_turboonly_tuple.root	root://eoslhcb.cern.ch//eos/lhcb/wg/rta/WP4/PIDCalib2_sWeights/2025/MagUp/DstToD0Pi_D0ToKPi/s25c4/K/00331960_00000084_1.pid_turboonly_tuple_sweights.root
K	root://eoslhcb.cern.ch//eos/lhcb/grid/prod/lhcb/anaprod/lhcb/LHCb/Collision25/PID_TURBOONLY_TUPLE.ROOT/00331960/0000/00331960_00000085_1.pid_turboonly_tuple.root	root://eoslhcb.cern.ch//eos/lhcb/wg/rta/WP4/PIDCalib2_sWeights/2025/MagUp/DstToD0Pi_D0ToKPi/s25c4/K/00331960_00000085_1.pid_turboonly_tuple_sweights.root
K	root://eoslhcb.cern.ch//eos/lhcb/grid/prod/lhcb/anaprod/lhcb/LHCb/Collision25/PID_TURBOONLY_TUPLE.ROOT/00331960/0000/00331960_00000086_1.pid_turboonly_tuple.root	root://eoslhcb.cern.ch//eos/lhcb/wg/rta/WP4/PIDCalib2_sWeights/2025/MagUp/DstToD0Pi_D0ToKPi/s25c4/K/00331960_00000086_1.pid_turboonly_tuple_sweights.root
K	root://eoslhcb.cern.ch//eos/lhcb/grid/prod/lhcb/anaprod/lhcb/LHCb/Collision25/PID_TURBOONLY_TUPLE.ROOT/00331960/0000/00331960_00000087_1.pid_turboonly_tuple.root	root://eoslhcb.cern.ch//eos/lhcb/wg/rta/WP4/PIDCalib2_sWeights/2025/MagUp/DstToD0Pi_D0ToKPi/s25c4/K/00331960_00000087_1.pid_turboonly_tuple_sweights.root
K	root://eoslhcb.cern.ch//eos/lhcb/grid/prod/lhcb/anaprod/lhcb/LHCb/Collision25/PID_TURBOONLY_TUPLE.ROOT/00331960/0000/00331960_00000088_1.pid_turboonly_tuple.root	root://eoslhcb.cern.ch//eos/lhcb/wg/rta/WP4/PIDCalib2_sWeights/2025/MagUp/DstToD0Pi_D0ToKPi/s25c4/K/00331960_00000088_1.pid_turboonly_tuple_sweights.root
K	root://eoslhcb.cern.ch//eos/lhcb/grid/prod/lhcb/anaprod/lhcb/LHCb/Collision25/PID_TURBOONLY_TUPLE.ROOT/00331960/0000/00331960_00000089_1.pid_turboonly_tuple.root	root://eoslhcb.cern.ch//eos/lhcb/wg/rta/WP4/PIDCalib2_sWeights/2025/MagUp/DstToD0Pi_D0ToKPi/s25c4/K/00331960_00000089_1.pid_turboonly_tuple_sweights.root
K	root://eoslhcb.cern.ch//eos/lhcb/grid/prod/lhcb/anaprod/lhcb/LHCb/Collision25/PID_TURBOONLY_TUPLE.ROOT/00331960/0000/00331960_00000090_1.pid_turboonly_tuple.root	root://eoslhcb.cern.ch//eos/lhcb/wg/rta/WP4/PIDCalib2_sWeights/2025/MagUp/DstToD0Pi_D0ToKPi/s25c4/K/00331960_00000090_1.pid_turboonly_tuple_sweights.root
K	root://eoslhcb.cern.ch//eos/lhcb/grid/prod/lhcb/anaprod/lhcb/LHCb/Collision25/PID_TURBOONLY_TUPLE.ROOT/00331960/0000/00331960_00000091_1.pid_turboonly_tuple.root	root://eoslhcb.cern.ch//eos/lhcb/wg/rta/WP4/PIDCalib2_sWeights/2025/MagUp/DstToD0Pi_D0ToKPi/s25c4/K/00331960_00000091_1.pid_turboonly_tuple_sweights.root
K	root://eoslhcb.cern.ch//eos/lhcb/grid/prod/lhcb/anaprod/lhcb/LHCb/Collision25/PID_TURBOONLY_TUPLE.ROOT/00331960/0000/00331960_00000092_1.pid_turboonly_tuple.root	root://eoslhcb.cern.ch//eos/lhcb/wg/rta/WP4/PIDCalib2_sWeights/2025/MagUp/DstToD0Pi_D0ToKPi/s25c4/K/00331960_00000092_1.pid_turboonly_tuple_sweights.root
K	root://eoslhcb.cern.ch//eos/lhcb/grid/prod/lhcb/anaprod/lhcb/LHCb/Collision25/PID_TURBOONLY_TUPLE.ROOT/00331960/0000/00331960_00000093_1.pid_turboonly_tuple.root	root://eoslhcb.cern.ch//eos/lhcb/wg/rta/WP4/PIDCalib2_sWeights/2025/MagUp/DstToD0Pi_D0ToKPi/s25c4/K/00331960_00000093_1.pid_turboonly_tuple_sweights.root
K	root://eoslhcb.cern.ch//eos/lhcb/grid/prod/lhcb/anaprod/lhcb/LHCb/Collision25/PID_TURBOONLY_TUPLE.ROOT/00331960/0000/00331960_00000094_1.pid_turboonly_tuple.root	root://eoslhcb.cern.ch//eos/lhcb/wg/rta/WP4/PIDCalib2_sWeights/2025/MagUp/DstToD0Pi_D0ToKPi/s25c4/K/00331960_00000094_1.pid_turboonly_tuple_sweights.root
K	root://eoslhcb.cern.ch//eos/lhcb/grid/prod/lhcb/anaprod/lhcb/LHCb/Collision25/PID_TURBOONLY_TUPLE.ROOT/00331960/0000/00331960_00000095_1.pid_turboonly_tuple.root	root://eoslhcb.cern.ch//eos/lhcb/wg/rta/WP4/PIDCalib2_sWeights/2025/MagUp/DstToD0Pi_D0ToKPi/s25c4/K/00331960_00000095_1.pid_turboonly_tuple_sweights.root
K	root://eoslhcb.cern.ch//eos/lhcb/grid/prod/lhcb/anaprod/lhcb/LHCb/Collision25/PID_TURBOONLY_TUPLE.ROOT/00331960/0000/00331960_00000096_1.pid_turboonly_tuple.root	root://eoslhcb.cern.ch//eos/lhcb/wg/rta/WP4/PIDCalib2_sWeights/2025/MagUp/DstToD0Pi_D0ToKPi/s25c4/K/00331960_00000096_1.pid_turboonly_tuple_sweights.root
K	root://eoslhcb.cern.ch//eos/lhcb/grid/prod/lhcb/anaprod/lhcb/LHCb/Collision25/PID_TURBOONLY_TUPLE.ROOT/00331960/0000/00331960_00000097_1.pid_turboonly_tuple.root	root://eoslhcb.cern.ch//eos/lhcb/wg/rta/WP4/PIDCalib2_sWeights/2025/MagUp/DstToD0Pi_D0ToKPi/s25c4/K/00331960_00000097_1.pid_turboonly_tuple_sweights.root
K	root://eoslhcb.cern.ch//eos/lhcb/grid/prod/lhcb/anaprod/lhcb/LHCb/Collision25/PID_TURBOONLY_TUPLE.ROOT/00331960/0000/00331960_00000098_1.pid_turboonly_tuple.root	root://eoslhcb.cern.ch//eos/lhcb/wg/rta/WP4/PIDCalib2_sWeights/2025/MagUp/DstToD0Pi_D0ToKPi/s25c4/K/00331960_00000098_1.pid_turboonly_tuple_sweights.root
K	root://eoslhcb.cern.ch//eos/lhcb/grid/prod/lhcb/anaprod/lhcb/LHCb/Collision25/PID_TURBOONLY_TUPLE.ROOT/00331960/0000/00331960_00000099_1.pid_turboonly_tuple.root	root://eoslhcb.cern.ch//eos/lhcb/wg/rta/WP4/PIDCalib2_sWeights/2025/MagUp/DstToD0Pi_D0ToKPi/s25c4/K/00331960_00000099_1.pid_turboonly_tuple_sweights.root
K	root://eoslhcb.cern.ch//eos/lhcb/grid/prod/lhcb/anaprod/lhcb/LHCb/Collision25/PID_TURBOONLY_TUPLE.ROOT/00331960/0000/00331960_00000100_1.pid_turboonly_tuple.root	root://eoslhcb.cern.ch//eos/lhcb/wg/rta/WP4/PIDCalib2_sWeights/2025/MagUp/DstToD0Pi_D0ToKPi/s25c4/K/00331960_00000100_1.pid_turboonly_tuple_sweights.root
K	root://eoslhcb.cern.ch//eos/lhcb/grid/prod/lhcb/anaprod/lhcb/LHCb/Collision25/PID_TURBOONLY_TUPLE.ROOT/00331960/0000/00331960_00000101_1.pid_turboonly_tuple.root	root://eoslhcb.cern.ch//eos/lhcb/wg/rta/WP4/PIDCalib2_sWeights/2025/MagUp/DstToD0Pi_D0ToKPi/s25c4/K/00331960_00000101_1.pid_turboonly_tuple_sweights.root
K	root://eoslhcb.cern.ch//eos/lhcb/grid/prod/lhcb/anaprod/lhcb/LHCb/Collision25/PID_TURBOONLY_TUPLE.ROOT/00331960/0000/00331960_00000102_1.pid_turboonly_tuple.root	root://eoslhcb.cern.ch//eos/lhcb/wg/rta/WP4/PIDCalib2_sWeights/2025/MagUp/DstToD0Pi_D0ToKPi/s25c4/K/00331960_00000102_1.pid_turboonly_tuple_sweights.root
K	root://eoslhcb.cern.ch//eos/lhcb/grid/prod/lhcb/anaprod/lhcb/LHCb/Collision25/PID_TURBOONLY_TUPLE.ROOT/00331960/0000/00331960_00000103_1.pid_turboonly_tuple.root	root://eoslhcb.cern.ch//eos/lhcb/wg/rta/WP4/PIDCalib2_sWeights/2025/MagUp/DstToD0Pi_D0ToKPi/s25c4/K/00331960_00000103_1.pid_turboonly_tuple_sweights.root
K	root://eoslhcb.cern.ch//eos/lhcb/grid/prod/lhcb/anaprod/lhcb/LHCb/Collision25/PID_TURBOONLY_TUPLE.ROOT/00331960/0000/00331960_00000104_1.pid_turboonly_tuple.root	root://eoslhcb.cern.ch//eos/lhcb/wg/rta/WP4/PIDCalib2_sWeights/2025/MagUp/DstToD0Pi_D0ToKPi/s25c4/K/00331960_00000104_1.pid_turboonly_tuple_sweights.root
K	root://eoslhcb.cern.ch//eos/lhcb/grid/prod/lhcb/anaprod/lhcb/LHCb/Collision25/PID_TURBOONLY_TUPLE.ROOT/00331960/0000/00331960_00000105_1.pid_turboonly_tuple.root	root://eoslhcb.cern.ch//eos/lhcb/wg/rta/WP4/PIDCalib2_sWeights/2025/MagUp/DstToD0Pi_D0ToKPi/s25c4/K/00331960_00000105_1.pid_turboonly_tuple_sweights.root
K	root://eoslhcb.cern.ch//eos/lhcb/grid/prod/lhcb/anaprod/lhcb/LHCb/Collision25/PID_TURBOONLY_TUPLE.ROOT/00331960/0000/00331960_00000106_1.pid_turboonly_tuple.root	root://eoslhcb.cern.ch//eos/lhcb/wg/rta/WP4/PIDCalib2_sWeights/2025/MagUp/DstToD0Pi_D0ToKPi/s25c4/K/00331960_00000106_1.pid_turboonly_tuple_sweights.root
K	root://eoslhcb.cern.ch//eos/lhcb/grid/prod/lhcb/anaprod/lhcb/LHCb/Collision25/PID_TURBOONLY_TUPLE.ROOT/00331960/0000/00331960_00000107_1.pid_turboonly_tuple.root	root://eoslhcb.cern.ch//eos/lhcb/wg/rta/WP4/PIDCalib2_sWeights/2025/MagUp/DstToD0Pi_D0ToKPi/s25c4/K/00331960_00000107_1.pid_turboonly_tuple_sweights.root
K	root://eoslhcb.cern.ch//eos/lhcb/grid/prod/lhcb/anaprod/lhcb/LHCb/Collision25/PID_TURBOONLY_TUPLE.ROOT/00331960/0000/00331960_00000108_1.pid_turboonly_tuple.root	root://eoslhcb.cern.ch//eos/lhcb/wg/rta/WP4/PIDCalib2_sWeights/2025/MagUp/DstToD0Pi_D0ToKPi/s25c4/K/00331960_00000108_1.pid_turboonly_tuple_sweights.root
K	root://eoslhcb.cern.ch//eos/lhcb/grid/prod/lhcb/anaprod/lhcb/LHCb/Collision25/PID_TURBOONLY_TUPLE.ROOT/00331960/0000/00331960_00000109_1.pid_turboonly_tuple.root	root://eoslhcb.cern.ch//eos/lhcb/wg/rta/WP4/PIDCalib2_sWeights/2025/MagUp/DstToD0Pi_D0ToKPi/s25c4/K/00331960_00000109_1.pid_turboonly_tuple_sweights.root
K	root://eoslhcb.cern.ch//eos/lhcb/grid/prod/lhcb/anaprod/lhcb/LHCb/Collision25/PID_TURBOONLY_TUPLE.ROOT/00331960/0000/00331960_00000110_1.pid_turboonly_tuple.root	root://eoslhcb.cern.ch//eos/lhcb/wg/rta/WP4/PIDCalib2_sWeights/2025/MagUp/DstToD0Pi_D0ToKPi/s25c4/K/00331960_00000110_1.pid_turboonly_tuple_sweights.root
K	root://eoslhcb.cern.ch//eos/lhcb/grid/prod/lhcb/anaprod/lhcb/LHCb/Collision25/PID_TURBOONLY_TUPLE.ROOT/00331960/0000/00331960_00000111_1.pid_turboonly_tuple.root	root://eoslhcb.cern.ch//eos/lhcb/wg/rta/WP4/PIDCalib2_sWeights/2025/MagUp/DstToD0Pi_D0ToKPi/s25c4/K/00331960_00000111_1.pid_turboonly_tuple_sweights.root
K	root://eoslhcb.cern.ch//eos/lhcb/grid/prod/lhcb/anaprod/lhcb/LHCb/Collision25/PID_TURBOONLY_TUPLE.ROOT/00331960/0000/00331960_00000112_1.pid_turboonly_tuple.root	root://eoslhcb.cern.ch//eos/lhcb/wg/rta/WP4/PIDCalib2_sWeights/2025/MagUp/DstToD0Pi_D0ToKPi/s25c4/K/00331960_00000112_1.pid_turboonly_tuple_sweights.root
K	root://eoslhcb.cern.ch//eos/lhcb/grid/prod/lhcb/anaprod/lhcb/LHCb/Collision25/PID_TURBOONLY_TUPLE.ROOT/00331960/0000/00331960_00000113_1.pid_turboonly_tuple.root	root://eoslhcb.cern.ch//eos/lhcb/wg/rta/WP4/PIDCalib2_sWeights/2025/MagUp/DstToD0Pi_D0ToKPi/s25c4/K/00331960_00000113_1.pid_turboonly_tuple_sweights.root
K	root://eoslhcb.cern.ch//eos/lhcb/grid/prod/lhcb/anaprod/lhcb/LHCb/Collision25/PID_TURBOONLY_TUPLE.ROOT/00331960/0000/00331960_00000114_1.pid_turboonly_tuple.root	root://eoslhcb.cern.ch//eos/lhcb/wg/rta/WP4/PIDCalib2_sWeights/2025/MagUp/DstToD0Pi_D0ToKPi/s25c4/K/00331960_00000114_1.pid_turboonly_tuple_sweights.root
K	root://eoslhcb.cern.ch//eos/lhcb/grid/prod/lhcb/anaprod/lhcb/LHCb/Collision25/PID_TURBOONLY_TUPLE.ROOT/00331960/0000/00331960_00000115_1.pid_turboonly_tuple.root	root://eoslhcb.cern.ch//eos/lhcb/wg/rta/WP4/PIDCalib2_sWeights/2025/MagUp/DstToD0Pi_D0ToKPi/s25c4/K/00331960_00000115_1.pid_turboonly_tuple_sweights.root
K	root://eoslhcb.cern.ch//eos/lhcb/grid/prod/lhcb/anaprod/lhcb/LHCb/Collision25/PID_TURBOONLY_TUPLE.ROOT/00331960/0000/00331960_00000116_1.pid_turboonly_tuple.root	root://eoslhcb.cern.ch//eos/lhcb/wg/rta/WP4/PIDCalib2_sWeights/2025/MagUp/DstToD0Pi_D0ToKPi/s25c4/K/00331960_00000116_1.pid_turboonly_tuple_sweights.root
K	root://eoslhcb.cern.ch//eos/lhcb/grid/prod/lhcb/anaprod/lhcb/LHCb/Collision25/PID_TURBOONLY_TUPLE.ROOT/00331960/0000/00331960_00000117_1.pid_turboonly_tuple.root	root://eoslhcb.cern.ch//eos/lhcb/wg/rta/WP4/PIDCalib2_sWeights/2025/MagUp/DstToD0Pi_D0ToKPi/s25c4/K/00331960_00000117_1.pid_turboonly_tuple_sweights.root
K	root://eoslhcb.cern.ch//eos/lhcb/grid/prod/lhcb/anaprod/lhcb/LHCb/Collision25/PID_TURBOONLY_TUPLE.ROOT/00331960/0000/00331960_00000118_1.pid_turboonly_tuple.root	root://eoslhcb.cern.ch//eos/lhcb/wg/rta/WP4/PIDCalib2_sWeights/2025/MagUp/DstToD0Pi_D0ToKPi/s25c4/K/00331960_00000118_1.pid_turboonly_tuple_sweights.root
K	root://eoslhcb.cern.ch//eos/lhcb/grid/prod/lhcb/anaprod/lhcb/LHCb/Collision25/PID_TURBOONLY_TUPLE.ROOT/00331960/0000/00331960_00000119_1.pid_turboonly_tuple.root	root://eoslhcb.cern.ch//eos/lhcb/wg/rta/WP4/PIDCalib2_sWeights/2025/MagUp/DstToD0Pi_D0ToKPi/s25c4/K/00331960_00000119_1.pid_turboonly_tuple_sweights.root
K	root://eoslhcb.cern.ch//eos/lhcb/grid/prod/lhcb/anaprod/lhcb/LHCb/Collision25/PID_TURBOONLY_TUPLE.ROOT/00331960/0000/00331960_00000120_1.pid_turboonly_tuple.root	root://eoslhcb.cern.ch//eos/lhcb/wg/rta/WP4/PIDCalib2_sWeights/2025/MagUp/DstToD0Pi_D0ToKPi/s25c4/K/00331960_00000120_1.pid_turboonly_tuple_sweights.root
K	root://eoslhcb.cern.ch//eos/lhcb/grid/prod/lhcb/anaprod/lhcb/LHCb/Collision25/PID_TURBOONLY_TUPLE.ROOT/00331960/0000/00331960_00000121_1.pid_turboonly_tuple.root	root://eoslhcb.cern.ch//eos/lhcb/wg/rta/WP4/PIDCalib2_sWeights/2025/MagUp/DstToD0Pi_D0ToKPi/s25c4/K/00331960_00000121_1.pid_turboonly_tuple_sweights.root
K	root://eoslhcb.cern.ch//eos/lhcb/grid/prod/lhcb/anaprod/lhcb/LHCb/Collision25/PID_TURBOONLY_TUPLE.ROOT/00331960/0000/00331960_00000122_1.pid_turboonly_tuple.root	root://eoslhcb.cern.ch//eos/lhcb/wg/rta/WP4/PIDCalib2_sWeights/2025/MagUp/DstToD0Pi_D0ToKPi/s25c4/K/00331960_00000122_1.pid_turboonly_tuple_sweights.root
K	root://eoslhcb.cern.ch//eos/lhcb/grid/prod/lhcb/anaprod/lhcb/LHCb/Collision25/PID_TURBOONLY_TUPLE.ROOT/00331960/0000/00331960_00000123_1.pid_turboonly_tuple.root	root://eoslhcb.cern.ch//eos/lhcb/wg/rta/WP4/PIDCalib2_sWeights/2025/MagUp/DstToD0Pi_D0ToKPi/s25c4/K/00331960_00000123_1.pid_turboonly_tuple_sweights.root
K	root://eoslhcb.cern.ch//eos/lhcb/grid/prod/lhcb/anaprod/lhcb/LHCb/Collision25/PID_TURBOONLY_TUPLE.ROOT/00331960/0000/00331960_00000124_1.pid_turboonly_tuple.root	root://eoslhcb.cern.ch//eos/lhcb/wg/rta/WP4/PIDCalib2_sWeights/2025/MagUp/DstToD0Pi_D0ToKPi/s25c4/K/00331960_00000124_1.pid_turboonly_tuple_sweights.root
K	root://eoslhcb.cern.ch//eos/lhcb/grid/prod/lhcb/anaprod/lhcb/LHCb/Collision25/PID_TURBOONLY_TUPLE.ROOT/00331960/0000/00331960_00000125_1.pid_turboonly_tuple.root	root://eoslhcb.cern.ch//eos/lhcb/wg/rta/WP4/PIDCalib2_sWeights/2025/MagUp/DstToD0Pi_D0ToKPi/s25c4/K/00331960_00000125_1.pid_turboonly_tuple_sweights.root
K	root://eoslhcb.cern.ch//eos/lhcb/grid/prod/lhcb/anaprod/lhcb/LHCb/Collision25/PID_TURBOONLY_TUPLE.ROOT/00331960/0000/00331960_00000126_1.pid_turboonly_tuple.root	root://eoslhcb.cern.ch//eos/lhcb/wg/rta/WP4/PIDCalib2_sWeights/2025/MagUp/DstToD0Pi_D0ToKPi/s25c4/K/00331960_00000126_1.pid_turboonly_tuple_sweights.root
K	root://eoslhcb.cern.ch//eos/lhcb/grid/prod/lhcb/anaprod/lhcb/LHCb/Collision25/PID_TURBOONLY_TUPLE.ROOT/00331960/0000/00331960_00000127_1.pid_turboonly_tuple.root	root://eoslhcb.cern.ch//eos/lhcb/wg/rta/WP4/PIDCalib2_sWeights/2025/MagUp/DstToD0Pi_D0ToKPi/s25c4/K/00331960_00000127_1.pid_turboonly_tuple_sweights.root
K	root://eoslhcb.cern.ch//eos/lhcb/grid/prod/lhcb/anaprod/lhcb/LHCb/Collision25/PID_TURBOONLY_TUPLE.ROOT/00331960/0000/00331960_00000128_1.pid_turboonly_tuple.root	root://eoslhcb.cern.ch//eos/lhcb/wg/rta/WP4/PIDCalib2_sWeights/2025/MagUp/DstToD0Pi_D0ToKPi/s25c4/K/00331960_00000128_1.pid_turboonly_tuple_sweights.root
K	root://eoslhcb.cern.ch//eos/lhcb/grid/prod/lhcb/anaprod/lhcb/LHCb/Collision25/PID_TURBOONLY_TUPLE.ROOT/00331960/0000/00331960_00000129_1.pid_turboonly_tuple.root	root://eoslhcb.cern.ch//eos/lhcb/wg/rta/WP4/PIDCalib2_sWeights/2025/MagUp/DstToD0Pi_D0ToKPi/s25c4/K/00331960_00000129_1.pid_turboonly_tuple_sweights.root
K	root://eoslhcb.cern.ch//eos/lhcb/grid/prod/lhcb/anaprod/lhcb/LHCb/Collision25/PID_TURBOONLY_TUPLE.ROOT/00331960/0000/00331960_00000130_1.pid_turboonly_tuple.root	root://eoslhcb.cern.ch//eos/lhcb/wg/rta/WP4/PIDCalib2_sWeights/2025/MagUp/DstToD0Pi_D0ToKPi/s25c4/K/00331960_00000130_1.pid_turboonly_tuple_sweights.root
K	root://eoslhcb.cern.ch//eos/lhcb/grid/prod/lhcb/anaprod/lhcb/LHCb/Collision25/PID_TURBOONLY_TUPLE.ROOT/00331960/0000/00331960_00000131_1.pid_turboonly_tuple.root	root://eoslhcb.cern.ch//eos/lhcb/wg/rta/WP4/PIDCalib2_sWeights/2025/MagUp/DstToD0Pi_D0ToKPi/s25c4/K/00331960_00000131_1.pid_turboonly_tuple_sweights.root
K	root://eoslhcb.cern.ch//eos/lhcb/grid/prod/lhcb/anaprod/lhcb/LHCb/Collision25/PID_TURBOONLY_TUPLE.ROOT/00331960/0000/00331960_00000132_1.pid_turboonly_tuple.root	root://eoslhcb.cern.ch//eos/lhcb/wg/rta/WP4/PIDCalib2_sWeights/2025/MagUp/DstToD0Pi_D0ToKPi/s25c4/K/00331960_00000132_1.pid_turboonly_tuple_sweights.root
K	root://eoslhcb.cern.ch//eos/lhcb/grid/prod/lhcb/anaprod/lhcb/LHCb/Collision25/PID_TURBOONLY_TUPLE.ROOT/00331960/0000/00331960_00000133_1.pid_turboonly_tuple.root	root://eoslhcb.cern.ch//eos/lhcb/wg/rta/WP4/PIDCalib2_sWeights/2025/MagUp/DstToD0Pi_D0ToKPi/s25c4/K/00331960_00000133_1.pid_turboonly_tuple_sweights.root
K	root://eoslhcb.cern.ch//eos/lhcb/grid/prod/lhcb/anaprod/lhcb/LHCb/Collision25/PID_TURBOONLY_TUPLE.ROOT/00331960/0000/00331960_00000134_1.pid_turboonly_tuple.root	root://eoslhcb.cern.ch//eos/lhcb/wg/rta/WP4/PIDCalib2_sWeights/2025/MagUp/DstToD0Pi_D0ToKPi/s25c4/K/00331960_00000134_1.pid_turboonly_tuple_sweights.root
K	root://eoslhcb.cern.ch//eos/lhcb/grid/prod/lhcb/anaprod/lhcb/LHCb/Collision25/PID_TURBOONLY_TUPLE.ROOT/00331960/0000/00331960_00000135_1.pid_turboonly_tuple.root	root://eoslhcb.cern.ch//eos/lhcb/wg/rta/WP4/PIDCalib2_sWeights/2025/MagUp/DstToD0Pi_D0ToKPi/s25c4/K/00331960_00000135_1.pid_turboonly_tuple_sweights.root
K	root://eoslhcb.cern.ch//eos/lhcb/grid/prod/lhcb/anaprod/lhcb/LHCb/Collision25/PID_TURBOONLY_TUPLE.ROOT/00331960/0000/00331960_00000136_1.pid_turboonly_tuple.root	root://eoslhcb.cern.ch//eos/lhcb/wg/rta/WP4/PIDCalib2_sWeights/2025/MagUp/DstToD0Pi_D0ToKPi/s25c4/K/00331960_00000136_1.pid_turboonly_tuple_sweights.root
K	root://eoslhcb.cern.ch//eos/lhcb/grid/prod/lhcb/anaprod/lhcb/LHCb/Collision25/PID_TURBOONLY_TUPLE.ROOT/00331960/0000/00331960_00000137_1.pid_turboonly_tuple.root	root://eoslhcb.cern.ch//eos/lhcb/wg/rta/WP4/PIDCalib2_sWeights/2025/MagUp/DstToD0Pi_D0ToKPi/s25c4/K/00331960_00000137_1.pid_turboonly_tuple_sweights.root
K	root://eoslhcb.cern.ch//eos/lhcb/grid/prod/lhcb/anaprod/lhcb/LHCb/Collision25/PID_TURBOONLY_TUPLE.ROOT/00331960/0000/00331960_00000138_1.pid_turboonly_tuple.root	root://eoslhcb.cern.ch//eos/lhcb/wg/rta/WP4/PIDCalib2_sWeights/2025/MagUp/DstToD0Pi_D0ToKPi/s25c4/K/00331960_00000138_1.pid_turboonly_tuple_sweights.root
K	root://eoslhcb.cern.ch//eos/lhcb/grid/prod/lhcb/anaprod/lhcb/LHCb/Collision25/PID_TURBOONLY_TUPLE.ROOT/00331960/0000/00331960_00000139_1.pid_turboonly_tuple.root	root://eoslhcb.cern.ch//eos/lhcb/wg/rta/WP4/PIDCalib2_sWeights/2025/MagUp/DstToD0Pi_D0ToKPi/s25c4/K/00331960_00000139_1.pid_turboonly_tuple_sweights.root
K	root://eoslhcb.cern.ch//eos/lhcb/grid/prod/lhcb/anaprod/lhcb/LHCb/Collision25/PID_TURBOONLY_TUPLE.ROOT/00331960/0000/00331960_00000140_1.pid_turboonly_tuple.root	root://eoslhcb.cern.ch//eos/lhcb/wg/rta/WP4/PIDCalib2_sWeights/2025/MagUp/DstToD0Pi_D0ToKPi/s25c4/K/00331960_00000140_1.pid_turboonly_tuple_sweights.root
K	root://eoslhcb.cern.ch//eos/lhcb/grid/prod/lhcb/anaprod/lhcb/LHCb/Collision25/PID_TURBOONLY_TUPLE.ROOT/00331960/0000/00331960_00000141_1.pid_turboonly_tuple.root	root://eoslhcb.cern.ch//eos/lhcb/wg/rta/WP4/PIDCalib2_sWeights/2025/MagUp/DstToD0Pi_D0ToKPi/s25c4/K/00331960_00000141_1.pid_turboonly_tuple_sweights.root
K	root://eoslhcb.cern.ch//eos/lhcb/grid/prod/lhcb/anaprod/lhcb/LHCb/Collision25/PID_TURBOONLY_TUPLE.ROOT/00331960/0000/00331960_00000142_1.pid_turboonly_tuple.root	root://eoslhcb.cern.ch//eos/lhcb/wg/rta/WP4/PIDCalib2_sWeights/2025/MagUp/DstToD0Pi_D0ToKPi/s25c4/K/00331960_00000142_1.pid_turboonly_tuple_sweights.root
K	root://eoslhcb.cern.ch//eos/lhcb/grid/prod/lhcb/anaprod/lhcb/LHCb/Collision25/PID_TURBOONLY_TUPLE.ROOT/00331960/0000/00331960_00000143_1.pid_turboonly_tuple.root	root://eoslhcb.cern.ch//eos/lhcb/wg/rta/WP4/PIDCalib2_sWeights/2025/MagUp/DstToD0Pi_D0ToKPi/s25c4/K/00331960_00000143_1.pid_turboonly_tuple_sweights.root
K	root://eoslhcb.cern.ch//eos/lhcb/grid/prod/lhcb/anaprod/lhcb/LHCb/Collision25/PID_TURBOONLY_TUPLE.ROOT/00331960/0000/00331960_00000144_1.pid_turboonly_tuple.root	root://eoslhcb.cern.ch//eos/lhcb/wg/rta/WP4/PIDCalib2_sWeights/2025/MagUp/DstToD0Pi_D0ToKPi/s25c4/K/00331960_00000144_1.pid_turboonly_tuple_sweights.root
K	root://eoslhcb.cern.ch//eos/lhcb/grid/prod/lhcb/anaprod/lhcb/LHCb/Collision25/PID_TURBOONLY_TUPLE.ROOT/00331960/0000/00331960_00000145_1.pid_turboonly_tuple.root	root://eoslhcb.cern.ch//eos/lhcb/wg/rta/WP4/PIDCalib2_sWeights/2025/MagUp/DstToD0Pi_D0ToKPi/s25c4/K/00331960_00000145_1.pid_turboonly_tuple_sweights.root
K	root://eoslhcb.cern.ch//eos/lhcb/grid/prod/lhcb/anaprod/lhcb/LHCb/Collision25/PID_TURBOONLY_TUPLE.ROOT/00331960/0000/00331960_00000146_1.pid_turboonly_tuple.root	root://eoslhcb.cern.ch//eos/lhcb/wg/rta/WP4/PIDCalib2_sWeights/2025/MagUp/DstToD0Pi_D0ToKPi/s25c4/K/00331960_00000146_1.pid_turboonly_tuple_sweights.root
K	root://eoslhcb.cern.ch//eos/lhcb/grid/prod/lhcb/anaprod/lhcb/LHCb/Collision25/PID_TURBOONLY_TUPLE.ROOT/00331960/0000/00331960_00000147_1.pid_turboonly_tuple.root	root://eoslhcb.cern.ch//eos/lhcb/wg/rta/WP4/PIDCalib2_sWeights/2025/MagUp/DstToD0Pi_D0ToKPi/s25c4/K/00331960_00000147_1.pid_turboonly_tuple_sweights.root
K	root://eoslhcb.cern.ch//eos/lhcb/grid/prod/lhcb/anaprod/lhcb/LHCb/Collision25/PID_TURBOONLY_TUPLE.ROOT/00331960/0000/00331960_00000148_1.pid_turboonly_tuple.root	root://eoslhcb.cern.ch//eos/lhcb/wg/rta/WP4/PIDCalib2_sWeights/2025/MagUp/DstToD0Pi_D0ToKPi/s25c4/K/00331960_00000148_1.pid_turboonly_tuple_sweights.root
K	root://eoslhcb.cern.ch//eos/lhcb/grid/prod/lhcb/anaprod/lhcb/LHCb/Collision25/PID_TURBOONLY_TUPLE.ROOT/00331960/0000/00331960_00000149_1.pid_turboonly_tuple.root	root://eoslhcb.cern.ch//eos/lhcb/wg/rta/WP4/PIDCalib2_sWeights/2025/MagUp/DstToD0Pi_D0ToKPi/s25c4/K/00331960_00000149_1.pid_turboonly_tuple_sweights.root
K	root://eoslhcb.cern.ch//eos/lhcb/grid/prod/lhcb/anaprod/lhcb/LHCb/Collision25/PID_TURBOONLY_TUPLE.ROOT/00331960/0000/00331960_00000150_1.pid_turboonly_tuple.root	root://eoslhcb.cern.ch//eos/lhcb/wg/rta/WP4/PIDCalib2_sWeights/2025/MagUp/DstToD0Pi_D0ToKPi/s25c4/K/00331960_00000150_1.pid_turboonly_tuple_sweights.root
K	root://eoslhcb.cern.ch//eos/lhcb/grid/prod/lhcb/anaprod/lhcb/LHCb/Collision25/PID_TURBOONLY_TUPLE.ROOT/00331960/0000/00331960_00000151_1.pid_turboonly_tuple.root	root://eoslhcb.cern.ch//eos/lhcb/wg/rta/WP4/PIDCalib2_sWeights/2025/MagUp/DstToD0Pi_D0ToKPi/s25c4/K/00331960_00000151_1.pid_turboonly_tuple_sweights.root
K	root://eoslhcb.cern.ch//eos/lhcb/grid/prod/lhcb/anaprod/lhcb/LHCb/Collision25/PID_TURBOONLY_TUPLE.ROOT/00331960/0000/00331960_00000152_1.pid_turboonly_tuple.root	root://eoslhcb.cern.ch//eos/lhcb/wg/rta/WP4/PIDCalib2_sWeights/2025/MagUp/DstToD0Pi_D0ToKPi/s25c4/K/00331960_00000152_1.pid_turboonly_tuple_sweights.root
K	root://eoslhcb.cern.ch//eos/lhcb/grid/prod/lhcb/anaprod/lhcb/LHCb/Collision25/PID_TURBOONLY_TUPLE.ROOT/00331960/0000/00331960_00000153_1.pid_turboonly_tuple.root	root://eoslhcb.cern.ch//eos/lhcb/wg/rta/WP4/PIDCalib2_sWeights/2025/MagUp/DstToD0Pi_D0ToKPi/s25c4/K/00331960_00000153_1.pid_turboonly_tuple_sweights.root
K	root://eoslhcb.cern.ch//eos/lhcb/grid/prod/lhcb/anaprod/lhcb/LHCb/Collision25/PID_TURBOONLY_TUPLE.ROOT/00331960/0000/00331960_00000154_1.pid_turboonly_tuple.root	root://eoslhcb.cern.ch//eos/lhcb/wg/rta/WP4/PIDCalib2_sWeights/2025/MagUp/DstToD0Pi_D0ToKPi/s25c4/K/00331960_00000154_1.pid_turboonly_tuple_sweights.root
K	root://eoslhcb.cern.ch//eos/lhcb/grid/prod/lhcb/anaprod/lhcb/LHCb/Collision25/PID_TURBOONLY_TUPLE.ROOT/00331960/0000/00331960_00000155_1.pid_turboonly_tuple.root	root://eoslhcb.cern.ch//eos/lhcb/wg/rta/WP4/PIDCalib2_sWeights/2025/MagUp/DstToD0Pi_D0ToKPi/s25c4/K/00331960_00000155_1.pid_turboonly_tuple_sweights.root
K	root://eoslhcb.cern.ch//eos/lhcb/grid/prod/lhcb/anaprod/lhcb/LHCb/Collision25/PID_TURBOONLY_TUPLE.ROOT/00331960/0000/00331960_00000156_1.pid_turboonly_tuple.root	root://eoslhcb.cern.ch//eos/lhcb/wg/rta/WP4/PIDCalib2_sWeights/2025/MagUp/DstToD0Pi_D0ToKPi/s25c4/K/00331960_00000156_1.pid_turboonly_tuple_sweights.root
K	root://eoslhcb.cern.ch//eos/lhcb/grid/prod/lhcb/anaprod/lhcb/LHCb/Collision25/PID_TURBOONLY_TUPLE.ROOT/00331960/0000/00331960_00000157_1.pid_turboonly_tuple.root	root://eoslhcb.cern.ch//eos/lhcb/wg/rta/WP4/PIDCalib2_sWeights/2025/MagUp/DstToD0Pi_D0ToKPi/s25c4/K/00331960_00000157_1.pid_turboonly_tuple_sweights.root
K	root://eoslhcb.cern.ch//eos/lhcb/grid/prod/lhcb/anaprod/lhcb/LHCb/Collision25/PID_TURBOONLY_TUPLE.ROOT/00331960/0000/00331960_00000158_1.pid_turboonly_tuple.root	root://eoslhcb.cern.ch//eos/lhcb/wg/rta/WP4/PIDCalib2_sWeights/2025/MagUp/DstToD0Pi_D0ToKPi/s25c4/K/00331960_00000158_1.pid_turboonly_tuple_sweights.root
K	root://eoslhcb.cern.ch//eos/lhcb/grid/prod/lhcb/anaprod/lhcb/LHCb/Collision25/PID_TURBOONLY_TUPLE.ROOT/00331960/0000/00331960_00000159_1.pid_turboonly_tuple.root	root://eoslhcb.cern.ch//eos/lhcb/wg/rta/WP4/PIDCalib2_sWeights/2025/MagUp/DstToD0Pi_D0ToKPi/s25c4/K/00331960_00000159_1.pid_turboonly_tuple_sweights.root
K	root://eoslhcb.cern.ch//eos/lhcb/grid/prod/lhcb/anaprod/lhcb/LHCb/Collision25/PID_TURBOONLY_TUPLE.ROOT/00331960/0000/00331960_00000160_1.pid_turboonly_tuple.root	root://eoslhcb.cern.ch//eos/lhcb/wg/rta/WP4/PIDCalib2_sWeights/2025/MagUp/DstToD0Pi_D0ToKPi/s25c4/K/00331960_00000160_1.pid_turboonly_tuple_sweights.root
K	root://eoslhcb.cern.ch//eos/lhcb/grid/prod/lhcb/anaprod/lhcb/LHCb/Collision25/PID_TURBOONLY_TUPLE.ROOT/00331960/0000/00331960_00000161_1.pid_turboonly_tuple.root	root://eoslhcb.cern.ch//eos/lhcb/wg/rta/WP4/PIDCalib2_sWeights/2025/MagUp/DstToD0Pi_D0ToKPi/s25c4/K/00331960_00000161_1.pid_turboonly_tuple_sweights.root
K	root://eoslhcb.cern.ch//eos/lhcb/grid/prod/lhcb/anaprod/lhcb/LHCb/Collision25/PID_TURBOONLY_TUPLE.ROOT/00331960/0000/00331960_00000162_1.pid_turboonly_tuple.root	root://eoslhcb.cern.ch//eos/lhcb/wg/rta/WP4/PIDCalib2_sWeights/2025/MagUp/DstToD0Pi_D0ToKPi/s25c4/K/00331960_00000162_1.pid_turboonly_tuple_sweights.root
K	root://eoslhcb.cern.ch//eos/lhcb/grid/prod/lhcb/anaprod/lhcb/LHCb/Collision25/PID_TURBOONLY_TUPLE.ROOT/00331960/0000/00331960_00000163_1.pid_turboonly_tuple.root	root://eoslhcb.cern.ch//eos/lhcb/wg/rta/WP4/PIDCalib2_sWeights/2025/MagUp/DstToD0Pi_D0ToKPi/s25c4/K/00331960_00000163_1.pid_turboonly_tuple_sweights.root
K	root://eoslhcb.cern.ch//eos/lhcb/grid/prod/lhcb/anaprod/lhcb/LHCb/Collision25/PID_TURBOONLY_TUPLE.ROOT/00331960/0000/00331960_00000164_1.pid_turboonly_tuple.root	root://eoslhcb.cern.ch//eos/lhcb/wg/rta/WP4/PIDCalib2_sWeights/2025/MagUp/DstToD0Pi_D0ToKPi/s25c4/K/00331960_00000164_1.pid_turboonly_tuple_sweights.root
K	root://eoslhcb.cern.ch//eos/lhcb/grid/prod/lhcb/anaprod/lhcb/LHCb/Collision25/PID_TURBOONLY_TUPLE.ROOT/00331960/0000/00331960_00000165_1.pid_turboonly_tuple.root	root://eoslhcb.cern.ch//eos/lhcb/wg/rta/WP4/PIDCalib2_sWeights/2025/MagUp/DstToD0Pi_D0ToKPi/s25c4/K/00331960_00000165_1.pid_turboonly_tuple_sweights.root
K	root://eoslhcb.cern.ch//eos/lhcb/grid/prod/lhcb/anaprod/lhcb/LHCb/Collision25/PID_TURBOONLY_TUPLE.ROOT/00331960/0000/00331960_00000166_1.pid_turboonly_tuple.root	root://eoslhcb.cern.ch//eos/lhcb/wg/rta/WP4/PIDCalib2_sWeights/2025/MagUp/DstToD0Pi_D0ToKPi/s25c4/K/00331960_00000166_1.pid_turboonly_tuple_sweights.root
K	root://eoslhcb.cern.ch//eos/lhcb/grid/prod/lhcb/anaprod/lhcb/LHCb/Collision25/PID_TURBOONLY_TUPLE.ROOT/00331960/0000/00331960_00000167_1.pid_turboonly_tuple.root	root://eoslhcb.cern.ch//eos/lhcb/wg/rta/WP4/PIDCalib2_sWeights/2025/MagUp/DstToD0Pi_D0ToKPi/s25c4/K/00331960_00000167_1.pid_turboonly_tuple_sweights.root
K	root://eoslhcb.cern.ch//eos/lhcb/grid/prod/lhcb/anaprod/lhcb/LHCb/Collision25/PID_TURBOONLY_TUPLE.ROOT/00331960/0000/00331960_00000168_1.pid_turboonly_tuple.root	root://eoslhcb.cern.ch//eos/lhcb/wg/rta/WP4/PIDCalib2_sWeights/2025/MagUp/DstToD0Pi_D0ToKPi/s25c4/K/00331960_00000168_1.pid_turboonly_tuple_sweights.root
K	root://eoslhcb.cern.ch//eos/lhcb/grid/prod/lhcb/anaprod/lhcb/LHCb/Collision25/PID_TURBOONLY_TUPLE.ROOT/00331960/0000/00331960_00000169_1.pid_turboonly_tuple.root	root://eoslhcb.cern.ch//eos/lhcb/wg/rta/WP4/PIDCalib2_sWeights/2025/MagUp/DstToD0Pi_D0ToKPi/s25c4/K/00331960_00000169_1.pid_turboonly_tuple_sweights.root
K	root://eoslhcb.cern.ch//eos/lhcb/grid/prod/lhcb/anaprod/lhcb/LHCb/Collision25/PID_TURBOONLY_TUPLE.ROOT/00331960/0000/00331960_00000170_1.pid_turboonly_tuple.root	root://eoslhcb.cern.ch//eos/lhcb/wg/rta/WP4/PIDCalib2_sWeights/2025/MagUp/DstToD0Pi_D0ToKPi/s25c4/K/00331960_00000170_1.pid_turboonly_tuple_sweights.root
K	root://eoslhcb.cern.ch//eos/lhcb/grid/prod/lhcb/anaprod/lhcb/LHCb/Collision25/PID_TURBOONLY_TUPLE.ROOT/00331960/0000/00331960_00000171_1.pid_turboonly_tuple.root	root://eoslhcb.cern.ch//eos/lhcb/wg/rta/WP4/PIDCalib2_sWeights/2025/MagUp/DstToD0Pi_D0ToKPi/s25c4/K/00331960_00000171_1.pid_turboonly_tuple_sweights.root
K	root://eoslhcb.cern.ch//eos/lhcb/grid/prod/lhcb/anaprod/lhcb/LHCb/Collision25/PID_TURBOONLY_TUPLE.ROOT/00331960/0000/00331960_00000172_1.pid_turboonly_tuple.root	root://eoslhcb.cern.ch//eos/lhcb/wg/rta/WP4/PIDCalib2_sWeights/2025/MagUp/DstToD0Pi_D0ToKPi/s25c4/K/00331960_00000172_1.pid_turboonly_tuple_sweights.root
K	root://eoslhcb.cern.ch//eos/lhcb/grid/prod/lhcb/anaprod/lhcb/LHCb/Collision25/PID_TURBOONLY_TUPLE.ROOT/00331960/0000/00331960_00000173_1.pid_turboonly_tuple.root	root://eoslhcb.cern.ch//eos/lhcb/wg/rta/WP4/PIDCalib2_sWeights/2025/MagUp/DstToD0Pi_D0ToKPi/s25c4/K/00331960_00000173_1.pid_turboonly_tuple_sweights.root
K	root://eoslhcb.cern.ch//eos/lhcb/grid/prod/lhcb/anaprod/lhcb/LHCb/Collision25/PID_TURBOONLY_TUPLE.ROOT/00331960/0000/00331960_00000174_1.pid_turboonly_tuple.root	root://eoslhcb.cern.ch//eos/lhcb/wg/rta/WP4/PIDCalib2_sWeights/2025/MagUp/DstToD0Pi_D0ToKPi/s25c4/K/00331960_00000174_1.pid_turboonly_tuple_sweights.root
K	root://eoslhcb.cern.ch//eos/lhcb/grid/prod/lhcb/anaprod/lhcb/LHCb/Collision25/PID_TURBOONLY_TUPLE.ROOT/00331960/0000/00331960_00000175_1.pid_turboonly_tuple.root	root://eoslhcb.cern.ch//eos/lhcb/wg/rta/WP4/PIDCalib2_sWeights/2025/MagUp/DstToD0Pi_D0ToKPi/s25c4/K/00331960_00000175_1.pid_turboonly_tuple_sweights.root
K	root://eoslhcb.cern.ch//eos/lhcb/grid/prod/lhcb/anaprod/lhcb/LHCb/Collision25/PID_TURBOONLY_TUPLE.ROOT/00331960/0000/00331960_00000176_1.pid_turboonly_tuple.root	root://eoslhcb.cern.ch//eos/lhcb/wg/rta/WP4/PIDCalib2_sWeights/2025/MagUp/DstToD0Pi_D0ToKPi/s25c4/K/00331960_00000176_1.pid_turboonly_tuple_sweights.root
K	root://eoslhcb.cern.ch//eos/lhcb/grid/prod/lhcb/anaprod/lhcb/LHCb/Collision25/PID_TURBOONLY_TUPLE.ROOT/00331960/0000/00331960_00000177_1.pid_turboonly_tuple.root	root://eoslhcb.cern.ch//eos/lhcb/wg/rta/WP4/PIDCalib2_sWeights/2025/MagUp/DstToD0Pi_D0ToKPi/s25c4/K/00331960_00000177_1.pid_turboonly_tuple_sweights.root
K	root://eoslhcb.cern.ch//eos/lhcb/grid/prod/lhcb/anaprod/lhcb/LHCb/Collision25/PID_TURBOONLY_TUPLE.ROOT/00331960/0000/00331960_00000178_1.pid_turboonly_tuple.root	root://eoslhcb.cern.ch//eos/lhcb/wg/rta/WP4/PIDCalib2_sWeights/2025/MagUp/DstToD0Pi_D0ToKPi/s25c4/K/00331960_00000178_1.pid_turboonly_tuple_sweights.root
K	root://eoslhcb.cern.ch//eos/lhcb/grid/prod/lhcb/anaprod/lhcb/LHCb/Collision25/PID_TURBOONLY_TUPLE.ROOT/00331960/0000/00331960_00000179_1.pid_turboonly_tuple.root	root://eoslhcb.cern.ch//eos/lhcb/wg/rta/WP4/PIDCalib2_sWeights/2025/MagUp/DstToD0Pi_D0ToKPi/s25c4/K/00331960_00000179_1.pid_turboonly_tuple_sweights.root
K	root://eoslhcb.cern.ch//eos/lhcb/grid/prod/lhcb/anaprod/lhcb/LHCb/Collision25/PID_TURBOONLY_TUPLE.ROOT/00331960/0000/00331960_00000180_1.pid_turboonly_tuple.root	root://eoslhcb.cern.ch//eos/lhcb/wg/rta/WP4/PIDCalib2_sWeights/2025/MagUp/DstToD0Pi_D0ToKPi/s25c4/K/00331960_00000180_1.pid_turboonly_tuple_sweights.root
K	root://eoslhcb.cern.ch//eos/lhcb/grid/prod/lhcb/anaprod/lhcb/LHCb/Collision25/PID_TURBOONLY_TUPLE.ROOT/00331960/0000/00331960_00000181_1.pid_turboonly_tuple.root	root://eoslhcb.cern.ch//eos/lhcb/wg/rta/WP4/PIDCalib2_sWeights/2025/MagUp/DstToD0Pi_D0ToKPi/s25c4/K/00331960_00000181_1.pid_turboonly_tuple_sweights.root
K	root://eoslhcb.cern.ch//eos/lhcb/grid/prod/lhcb/anaprod/lhcb/LHCb/Collision25/PID_TURBOONLY_TUPLE.ROOT/00331960/0000/00331960_00000182_1.pid_turboonly_tuple.root	root://eoslhcb.cern.ch//eos/lhcb/wg/rta/WP4/PIDCalib2_sWeights/2025/MagUp/DstToD0Pi_D0ToKPi/s25c4/K/00331960_00000182_1.pid_turboonly_tuple_sweights.root
K	root://eoslhcb.cern.ch//eos/lhcb/grid/prod/lhcb/anaprod/lhcb/LHCb/Collision25/PID_TURBOONLY_TUPLE.ROOT/00331960/0000/00331960_00000183_1.pid_turboonly_tuple.root	root://eoslhcb.cern.ch//eos/lhcb/wg/rta/WP4/PIDCalib2_sWeights/2025/MagUp/DstToD0Pi_D0ToKPi/s25c4/K/00331960_00000183_1.pid_turboonly_tuple_sweights.root
K	root://eoslhcb.cern.ch//eos/lhcb/grid/prod/lhcb/anaprod/lhcb/LHCb/Collision25/PID_TURBOONLY_TUPLE.ROOT/00331960/0000/00331960_00000184_1.pid_turboonly_tuple.root	root://eoslhcb.cern.ch//eos/lhcb/wg/rta/WP4/PIDCalib2_sWeights/2025/MagUp/DstToD0Pi_D0ToKPi/s25c4/K/00331960_00000184_1.pid_turboonly_tuple_sweights.root
K	root://eoslhcb.cern.ch//eos/lhcb/grid/prod/lhcb/anaprod/lhcb/LHCb/Collision25/PID_TURBOONLY_TUPLE.ROOT/00331960/0000/00331960_00000185_1.pid_turboonly_tuple.root	root://eoslhcb.cern.ch//eos/lhcb/wg/rta/WP4/PIDCalib2_sWeights/2025/MagUp/DstToD0Pi_D0ToKPi/s25c4/K/00331960_00000185_1.pid_turboonly_tuple_sweights.root
K	root://eoslhcb.cern.ch//eos/lhcb/grid/prod/lhcb/anaprod/lhcb/LHCb/Collision25/PID_TURBOONLY_TUPLE.ROOT/00331960/0000/00331960_00000186_1.pid_turboonly_tuple.root	root://eoslhcb.cern.ch//eos/lhcb/wg/rta/WP4/PIDCalib2_sWeights/2025/MagUp/DstToD0Pi_D0ToKPi/s25c4/K/00331960_00000186_1.pid_turboonly_tuple_sweights.root
K	root://eoslhcb.cern.ch//eos/lhcb/grid/prod/lhcb/anaprod/lhcb/LHCb/Collision25/PID_TURBOONLY_TUPLE.ROOT/00331960/0000/00331960_00000187_1.pid_turboonly_tuple.root	root://eoslhcb.cern.ch//eos/lhcb/wg/rta/WP4/PIDCalib2_sWeights/2025/MagUp/DstToD0Pi_D0ToKPi/s25c4/K/00331960_00000187_1.pid_turboonly_tuple_sweights.root
K	root://eoslhcb.cern.ch//eos/lhcb/grid/prod/lhcb/anaprod/lhcb/LHCb/Collision25/PID_TURBOONLY_TUPLE.ROOT/00331960/0000/00331960_00000188_1.pid_turboonly_tuple.root	root://eoslhcb.cern.ch//eos/lhcb/wg/rta/WP4/PIDCalib2_sWeights/2025/MagUp/DstToD0Pi_D0ToKPi/s25c4/K/00331960_00000188_1.pid_turboonly_tuple_sweights.root
K	root://eoslhcb.cern.ch//eos/lhcb/grid/prod/lhcb/anaprod/lhcb/LHCb/Collision25/PID_TURBOONLY_TUPLE.ROOT/00331960/0000/00331960_00000189_1.pid_turboonly_tuple.root	root://eoslhcb.cern.ch//eos/lhcb/wg/rta/WP4/PIDCalib2_sWeights/2025/MagUp/DstToD0Pi_D0ToKPi/s25c4/K/00331960_00000189_1.pid_turboonly_tuple_sweights.root
K	root://eoslhcb.cern.ch//eos/lhcb/grid/prod/lhcb/anaprod/lhcb/LHCb/Collision25/PID_TURBOONLY_TUPLE.ROOT/00331960/0000/00331960_00000190_1.pid_turboonly_tuple.root	root://eoslhcb.cern.ch//eos/lhcb/wg/rta/WP4/PIDCalib2_sWeights/2025/MagUp/DstToD0Pi_D0ToKPi/s25c4/K/00331960_00000190_1.pid_turboonly_tuple_sweights.root
K	root://eoslhcb.cern.ch//eos/lhcb/grid/prod/lhcb/anaprod/lhcb/LHCb/Collision25/PID_TURBOONLY_TUPLE.ROOT/00331960/0000/00331960_00000191_1.pid_turboonly_tuple.root	root://eoslhcb.cern.ch//eos/lhcb/wg/rta/WP4/PIDCalib2_sWeights/2025/MagUp/DstToD0Pi_D0ToKPi/s25c4/K/00331960_00000191_1.pid_turboonly_tuple_sweights.root
K	root://eoslhcb.cern.ch//eos/lhcb/grid/prod/lhcb/anaprod/lhcb/LHCb/Collision25/PID_TURBOONLY_TUPLE.ROOT/00331960/0000/00331960_00000192_1.pid_turboonly_tuple.root	root://eoslhcb.cern.ch//eos/lhcb/wg/rta/WP4/PIDCalib2_sWeights/2025/MagUp/DstToD0Pi_D0ToKPi/s25c4/K/00331960_00000192_1.pid_turboonly_tuple_sweights.root
K	root://eoslhcb.cern.ch//eos/lhcb/grid/prod/lhcb/anaprod/lhcb/LHCb/Collision25/PID_TURBOONLY_TUPLE.ROOT/00331960/0000/00331960_00000193_1.pid_turboonly_tuple.root	root://eoslhcb.cern.ch//eos/lhcb/wg/rta/WP4/PIDCalib2_sWeights/2025/MagUp/DstToD0Pi_D0ToKPi/s25c4/K/00331960_00000193_1.pid_turboonly_tuple_sweights.root
K	root://eoslhcb.cern.ch//eos/lhcb/grid/prod/lhcb/anaprod/lhcb/LHCb/Collision25/PID_TURBOONLY_TUPLE.ROOT/00331960/0000/00331960_00000194_1.pid_turboonly_tuple.root	root://eoslhcb.cern.ch//eos/lhcb/wg/rta/WP4/PIDCalib2_sWeights/2025/MagUp/DstToD0Pi_D0ToKPi/s25c4/K/00331960_00000194_1.pid_turboonly_tuple_sweights.root
K	root://eoslhcb.cern.ch//eos/lhcb/grid/prod/lhcb/anaprod/lhcb/LHCb/Collision25/PID_TURBOONLY_TUPLE.ROOT/00331960/0000/00331960_00000195_1.pid_turboonly_tuple.root	root://eoslhcb.cern.ch//eos/lhcb/wg/rta/WP4/PIDCalib2_sWeights/2025/MagUp/DstToD0Pi_D0ToKPi/s25c4/K/00331960_00000195_1.pid_turboonly_tuple_sweights.root
K	root://eoslhcb.cern.ch//eos/lhcb/grid/prod/lhcb/anaprod/lhcb/LHCb/Collision25/PID_TURBOONLY_TUPLE.ROOT/00331960/0000/00331960_00000196_1.pid_turboonly_tuple.root	root://eoslhcb.cern.ch//eos/lhcb/wg/rta/WP4/PIDCalib2_sWeights/2025/MagUp/DstToD0Pi_D0ToKPi/s25c4/K/00331960_00000196_1.pid_turboonly_tuple_sweights.root
K	root://eoslhcb.cern.ch//eos/lhcb/grid/prod/lhcb/anaprod/lhcb/LHCb/Collision25/PID_TURBOONLY_TUPLE.ROOT/00331960/0000/00331960_00000197_1.pid_turboonly_tuple.root	root://eoslhcb.cern.ch//eos/lhcb/wg/rta/WP4/PIDCalib2_sWeights/2025/MagUp/DstToD0Pi_D0ToKPi/s25c4/K/00331960_00000197_1.pid_turboonly_tuple_sweights.root
K	root://eoslhcb.cern.ch//eos/lhcb/grid/prod/lhcb/anaprod/lhcb/LHCb/Collision25/PID_TURBOONLY_TUPLE.ROOT/00331960/0000/00331960_00000198_1.pid_turboonly_tuple.root	root://eoslhcb.cern.ch//eos/lhcb/wg/rta/WP4/PIDCalib2_sWeights/2025/MagUp/DstToD0Pi_D0ToKPi/s25c4/K/00331960_00000198_1.pid_turboonly_tuple_sweights.root
K	root://eoslhcb.cern.ch//eos/lhcb/grid/prod/lhcb/anaprod/lhcb/LHCb/Collision25/PID_TURBOONLY_TUPLE.ROOT/00331960/0000/00331960_00000199_1.pid_turboonly_tuple.root	root://eoslhcb.cern.ch//eos/lhcb/wg/rta/WP4/PIDCalib2_sWeights/2025/MagUp/DstToD0Pi_D0ToKPi/s25c4/K/00331960_00000199_1.pid_turboonly_tuple_sweights.root
K	root://eoslhcb.cern.ch//eos/lhcb/grid/prod/lhcb/anaprod/lhcb/LHCb/Collision25/PID_TURBOONLY_TUPLE.ROOT/00331960/0000/00331960_00000200_1.pid_turboonly_tuple.root	root://eoslhcb.cern.ch//eos/lhcb/wg/rta/WP4/PIDCalib2_sWeights/2025/MagUp/DstToD0Pi_D0ToKPi/s25c4/K/00331960_00000200_1.pid_turboonly_tuple_sweights.root
K	root://eoslhcb.cern.ch//eos/lhcb/grid/prod/lhcb/anaprod/lhcb/LHCb/Collision25/PID_TURBOONLY_TUPLE.ROOT/00331960/0000/00331960_00000201_1.pid_turboonly_tuple.root	root://eoslhcb.cern.ch//eos/lhcb/wg/rta/WP4/PIDCalib2_sWeights/2025/MagUp/DstToD0Pi_D0ToKPi/s25c4/K/00331960_00000201_1.pid_turboonly_tuple_sweights.root
K	root://eoslhcb.cern.ch//eos/lhcb/grid/prod/lhcb/anaprod/lhcb/LHCb/Collision25/PID_TURBOONLY_TUPLE.ROOT/00331960/0000/00331960_00000202_1.pid_turboonly_tuple.root	root://eoslhcb.cern.ch//eos/lhcb/wg/rta/WP4/PIDCalib2_sWeights/2025/MagUp/DstToD0Pi_D0ToKPi/s25c4/K/00331960_00000202_1.pid_turboonly_tuple_sweights.root
K	root://eoslhcb.cern.ch//eos/lhcb/grid/prod/lhcb/anaprod/lhcb/LHCb/Collision25/PID_TURBOONLY_TUPLE.ROOT/00331960/0000/00331960_00000203_1.pid_turboonly_tuple.root	root://eoslhcb.cern.ch//eos/lhcb/wg/rta/WP4/PIDCalib2_sWeights/2025/MagUp/DstToD0Pi_D0ToKPi/s25c4/K/00331960_00000203_1.pid_turboonly_tuple_sweights.root
K	root://eoslhcb.cern.ch//eos/lhcb/grid/prod/lhcb/anaprod/lhcb/LHCb/Collision25/PID_TURBOONLY_TUPLE.ROOT/00331960/0000/00331960_00000204_1.pid_turboonly_tuple.root	root://eoslhcb.cern.ch//eos/lhcb/wg/rta/WP4/PIDCalib2_sWeights/2025/MagUp/DstToD0Pi_D0ToKPi/s25c4/K/00331960_00000204_1.pid_turboonly_tuple_sweights.root
K	root://eoslhcb.cern.ch//eos/lhcb/grid/prod/lhcb/anaprod/lhcb/LHCb/Collision25/PID_TURBOONLY_TUPLE.ROOT/00331960/0000/00331960_00000205_1.pid_turboonly_tuple.root	root://eoslhcb.cern.ch//eos/lhcb/wg/rta/WP4/PIDCalib2_sWeights/2025/MagUp/DstToD0Pi_D0ToKPi/s25c4/K/00331960_00000205_1.pid_turboonly_tuple_sweights.root
K	root://eoslhcb.cern.ch//eos/lhcb/grid/prod/lhcb/anaprod/lhcb/LHCb/Collision25/PID_TURBOONLY_TUPLE.ROOT/00331960/0000/00331960_00000206_1.pid_turboonly_tuple.root	root://eoslhcb.cern.ch//eos/lhcb/wg/rta/WP4/PIDCalib2_sWeights/2025/MagUp/DstToD0Pi_D0ToKPi/s25c4/K/00331960_00000206_1.pid_turboonly_tuple_sweights.root
K	root://eoslhcb.cern.ch//eos/lhcb/grid/prod/lhcb/anaprod/lhcb/LHCb/Collision25/PID_TURBOONLY_TUPLE.ROOT/00331960/0000/00331960_00000207_1.pid_turboonly_tuple.root	root://eoslhcb.cern.ch//eos/lhcb/wg/rta/WP4/PIDCalib2_sWeights/2025/MagUp/DstToD0Pi_D0ToKPi/s25c4/K/00331960_00000207_1.pid_turboonly_tuple_sweights.root
K	root://eoslhcb.cern.ch//eos/lhcb/grid/prod/lhcb/anaprod/lhcb/LHCb/Collision25/PID_TURBOONLY_TUPLE.ROOT/00331960/0000/00331960_00000208_1.pid_turboonly_tuple.root	root://eoslhcb.cern.ch//eos/lhcb/wg/rta/WP4/PIDCalib2_sWeights/2025/MagUp/DstToD0Pi_D0ToKPi/s25c4/K/00331960_00000208_1.pid_turboonly_tuple_sweights.root
K	root://eoslhcb.cern.ch//eos/lhcb/grid/prod/lhcb/anaprod/lhcb/LHCb/Collision25/PID_TURBOONLY_TUPLE.ROOT/00331960/0000/00331960_00000209_1.pid_turboonly_tuple.root	root://eoslhcb.cern.ch//eos/lhcb/wg/rta/WP4/PIDCalib2_sWeights/2025/MagUp/DstToD0Pi_D0ToKPi/s25c4/K/00331960_00000209_1.pid_turboonly_tuple_sweights.root
K	root://eoslhcb.cern.ch//eos/lhcb/grid/prod/lhcb/anaprod/lhcb/LHCb/Collision25/PID_TURBOONLY_TUPLE.ROOT/00331960/0000/00331960_00000210_1.pid_turboonly_tuple.root	root://eoslhcb.cern.ch//eos/lhcb/wg/rta/WP4/PIDCalib2_sWeights/2025/MagUp/DstToD0Pi_D0ToKPi/s25c4/K/00331960_00000210_1.pid_turboonly_tuple_sweights.root
K	root://eoslhcb.cern.ch//eos/lhcb/grid/prod/lhcb/anaprod/lhcb/LHCb/Collision25/PID_TURBOONLY_TUPLE.ROOT/00331960/0000/00331960_00000211_1.pid_turboonly_tuple.root	root://eoslhcb.cern.ch//eos/lhcb/wg/rta/WP4/PIDCalib2_sWeights/2025/MagUp/DstToD0Pi_D0ToKPi/s25c4/K/00331960_00000211_1.pid_turboonly_tuple_sweights.root
K	root://eoslhcb.cern.ch//eos/lhcb/grid/prod/lhcb/anaprod/lhcb/LHCb/Collision25/PID_TURBOONLY_TUPLE.ROOT/00331960/0000/00331960_00000212_1.pid_turboonly_tuple.root	root://eoslhcb.cern.ch//eos/lhcb/wg/rta/WP4/PIDCalib2_sWeights/2025/MagUp/DstToD0Pi_D0ToKPi/s25c4/K/00331960_00000212_1.pid_turboonly_tuple_sweights.root
K	root://eoslhcb.cern.ch//eos/lhcb/grid/prod/lhcb/anaprod/lhcb/LHCb/Collision25/PID_TURBOONLY_TUPLE.ROOT/00331960/0000/00331960_00000213_1.pid_turboonly_tuple.root	root://eoslhcb.cern.ch//eos/lhcb/wg/rta/WP4/PIDCalib2_sWeights/2025/MagUp/DstToD0Pi_D0ToKPi/s25c4/K/00331960_00000213_1.pid_turboonly_tuple_sweights.root
K	root://eoslhcb.cern.ch//eos/lhcb/grid/prod/lhcb/anaprod/lhcb/LHCb/Collision25/PID_TURBOONLY_TUPLE.ROOT/00331960/0000/00331960_00000214_1.pid_turboonly_tuple.root	root://eoslhcb.cern.ch//eos/lhcb/wg/rta/WP4/PIDCalib2_sWeights/2025/MagUp/DstToD0Pi_D0ToKPi/s25c4/K/00331960_00000214_1.pid_turboonly_tuple_sweights.root
K	root://eoslhcb.cern.ch//eos/lhcb/grid/prod/lhcb/anaprod/lhcb/LHCb/Collision25/PID_TURBOONLY_TUPLE.ROOT/00331960/0000/00331960_00000215_1.pid_turboonly_tuple.root	root://eoslhcb.cern.ch//eos/lhcb/wg/rta/WP4/PIDCalib2_sWeights/2025/MagUp/DstToD0Pi_D0ToKPi/s25c4/K/00331960_00000215_1.pid_turboonly_tuple_sweights.root
K	root://eoslhcb.cern.ch//eos/lhcb/grid/prod/lhcb/anaprod/lhcb/LHCb/Collision25/PID_TURBOONLY_TUPLE.ROOT/00331960/0000/00331960_00000216_1.pid_turboonly_tuple.root	root://eoslhcb.cern.ch//eos/lhcb/wg/rta/WP4/PIDCalib2_sWeights/2025/MagUp/DstToD0Pi_D0ToKPi/s25c4/K/00331960_00000216_1.pid_turboonly_tuple_sweights.root
K	root://eoslhcb.cern.ch//eos/lhcb/grid/prod/lhcb/anaprod/lhcb/LHCb/Collision25/PID_TURBOONLY_TUPLE.ROOT/00331960/0000/00331960_00000217_1.pid_turboonly_tuple.root	root://eoslhcb.cern.ch//eos/lhcb/wg/rta/WP4/PIDCalib2_sWeights/2025/MagUp/DstToD0Pi_D0ToKPi/s25c4/K/00331960_00000217_1.pid_turboonly_tuple_sweights.root
K	root://eoslhcb.cern.ch//eos/lhcb/grid/prod/lhcb/anaprod/lhcb/LHCb/Collision25/PID_TURBOONLY_TUPLE.ROOT/00331960/0000/00331960_00000218_1.pid_turboonly_tuple.root	root://eoslhcb.cern.ch//eos/lhcb/wg/rta/WP4/PIDCalib2_sWeights/2025/MagUp/DstToD0Pi_D0ToKPi/s25c4/K/00331960_00000218_1.pid_turboonly_tuple_sweights.root
K	root://eoslhcb.cern.ch//eos/lhcb/grid/prod/lhcb/anaprod/lhcb/LHCb/Collision25/PID_TURBOONLY_TUPLE.ROOT/00331960/0000/00331960_00000219_1.pid_turboonly_tuple.root	root://eoslhcb.cern.ch//eos/lhcb/wg/rta/WP4/PIDCalib2_sWeights/2025/MagUp/DstToD0Pi_D0ToKPi/s25c4/K/00331960_00000219_1.pid_turboonly_tuple_sweights.root
K	root://eoslhcb.cern.ch//eos/lhcb/grid/prod/lhcb/anaprod/lhcb/LHCb/Collision25/PID_TURBOONLY_TUPLE.ROOT/00331960/0000/00331960_00000220_1.pid_turboonly_tuple.root	root://eoslhcb.cern.ch//eos/lhcb/wg/rta/WP4/PIDCalib2_sWeights/2025/MagUp/DstToD0Pi_D0ToKPi/s25c4/K/00331960_00000220_1.pid_turboonly_tuple_sweights.root
K	root://eoslhcb.cern.ch//eos/lhcb/grid/prod/lhcb/anaprod/lhcb/LHCb/Collision25/PID_TURBOONLY_TUPLE.ROOT/00331960/0000/00331960_00000221_1.pid_turboonly_tuple.root	root://eoslhcb.cern.ch//eos/lhcb/wg/rta/WP4/PIDCalib2_sWeights/2025/MagUp/DstToD0Pi_D0ToKPi/s25c4/K/00331960_00000221_1.pid_turboonly_tuple_sweights.root
K	root://eoslhcb.cern.ch//eos/lhcb/grid/prod/lhcb/anaprod/lhcb/LHCb/Collision25/PID_TURBOONLY_TUPLE.ROOT/00331960/0000/00331960_00000222_1.pid_turboonly_tuple.root	root://eoslhcb.cern.ch//eos/lhcb/wg/rta/WP4/PIDCalib2_sWeights/2025/MagUp/DstToD0Pi_D0ToKPi/s25c4/K/00331960_00000222_1.pid_turboonly_tuple_sweights.root
K	root://eoslhcb.cern.ch//eos/lhcb/grid/prod/lhcb/anaprod/lhcb/LHCb/Collision25/PID_TURBOONLY_TUPLE.ROOT/00331960/0000/00331960_00000223_1.pid_turboonly_tuple.root	root://eoslhcb.cern.ch//eos/lhcb/wg/rta/WP4/PIDCalib2_sWeights/2025/MagUp/DstToD0Pi_D0ToKPi/s25c4/K/00331960_00000223_1.pid_turboonly_tuple_sweights.root
K	root://eoslhcb.cern.ch//eos/lhcb/grid/prod/lhcb/anaprod/lhcb/LHCb/Collision25/PID_TURBOONLY_TUPLE.ROOT/00331960/0000/00331960_00000224_1.pid_turboonly_tuple.root	root://eoslhcb.cern.ch//eos/lhcb/wg/rta/WP4/PIDCalib2_sWeights/2025/MagUp/DstToD0Pi_D0ToKPi/s25c4/K/00331960_00000224_1.pid_turboonly_tuple_sweights.root
K	root://eoslhcb.cern.ch//eos/lhcb/grid/prod/lhcb/anaprod/lhcb/LHCb/Collision25/PID_TURBOONLY_TUPLE.ROOT/00331960/0000/00331960_00000225_1.pid_turboonly_tuple.root	root://eoslhcb.cern.ch//eos/lhcb/wg/rta/WP4/PIDCalib2_sWeights/2025/MagUp/DstToD0Pi_D0ToKPi/s25c4/K/00331960_00000225_1.pid_turboonly_tuple_sweights.root
K	root://eoslhcb.cern.ch//eos/lhcb/grid/prod/lhcb/anaprod/lhcb/LHCb/Collision25/PID_TURBOONLY_TUPLE.ROOT/00331960/0000/00331960_00000226_1.pid_turboonly_tuple.root	root://eoslhcb.cern.ch//eos/lhcb/wg/rta/WP4/PIDCalib2_sWeights/2025/MagUp/DstToD0Pi_D0ToKPi/s25c4/K/00331960_00000226_1.pid_turboonly_tuple_sweights.root
K	root://eoslhcb.cern.ch//eos/lhcb/grid/prod/lhcb/anaprod/lhcb/LHCb/Collision25/PID_TURBOONLY_TUPLE.ROOT/00331960/0000/00331960_00000227_1.pid_turboonly_tuple.root	root://eoslhcb.cern.ch//eos/lhcb/wg/rta/WP4/PIDCalib2_sWeights/2025/MagUp/DstToD0Pi_D0ToKPi/s25c4/K/00331960_00000227_1.pid_turboonly_tuple_sweights.root
K	root://eoslhcb.cern.ch//eos/lhcb/grid/prod/lhcb/anaprod/lhcb/LHCb/Collision25/PID_TURBOONLY_TUPLE.ROOT/00331960/0000/00331960_00000228_1.pid_turboonly_tuple.root	root://eoslhcb.cern.ch//eos/lhcb/wg/rta/WP4/PIDCalib2_sWeights/2025/MagUp/DstToD0Pi_D0ToKPi/s25c4/K/00331960_00000228_1.pid_turboonly_tuple_sweights.root
K	root://eoslhcb.cern.ch//eos/lhcb/grid/prod/lhcb/anaprod/lhcb/LHCb/Collision25/PID_TURBOONLY_TUPLE.ROOT/00331960/0000/00331960_00000229_1.pid_turboonly_tuple.root	root://eoslhcb.cern.ch//eos/lhcb/wg/rta/WP4/PIDCalib2_sWeights/2025/MagUp/DstToD0Pi_D0ToKPi/s25c4/K/00331960_00000229_1.pid_turboonly_tuple_sweights.root
K	root://eoslhcb.cern.ch//eos/lhcb/grid/prod/lhcb/anaprod/lhcb/LHCb/Collision25/PID_TURBOONLY_TUPLE.ROOT/00331960/0000/00331960_00000230_1.pid_turboonly_tuple.root	root://eoslhcb.cern.ch//eos/lhcb/wg/rta/WP4/PIDCalib2_sWeights/2025/MagUp/DstToD0Pi_D0ToKPi/s25c4/K/00331960_00000230_1.pid_turboonly_tuple_sweights.root
K	root://eoslhcb.cern.ch//eos/lhcb/grid/prod/lhcb/anaprod/lhcb/LHCb/Collision25/PID_TURBOONLY_TUPLE.ROOT/00331960/0000/00331960_00000231_1.pid_turboonly_tuple.root	root://eoslhcb.cern.ch//eos/lhcb/wg/rta/WP4/PIDCalib2_sWeights/2025/MagUp/DstToD0Pi_D0ToKPi/s25c4/K/00331960_00000231_1.pid_turboonly_tuple_sweights.root
K	root://eoslhcb.cern.ch//eos/lhcb/grid/prod/lhcb/anaprod/lhcb/LHCb/Collision25/PID_TURBOONLY_TUPLE.ROOT/00331960/0000/00331960_00000232_1.pid_turboonly_tuple.root	root://eoslhcb.cern.ch//eos/lhcb/wg/rta/WP4/PIDCalib2_sWeights/2025/MagUp/DstToD0Pi_D0ToKPi/s25c4/K/00331960_00000232_1.pid_turboonly_tuple_sweights.root
K	root://eoslhcb.cern.ch//eos/lhcb/grid/prod/lhcb/anaprod/lhcb/LHCb/Collision25/PID_TURBOONLY_TUPLE.ROOT/00331960/0000/00331960_00000233_1.pid_turboonly_tuple.root	root://eoslhcb.cern.ch//eos/lhcb/wg/rta/WP4/PIDCalib2_sWeights/2025/MagUp/DstToD0Pi_D0ToKPi/s25c4/K/00331960_00000233_1.pid_turboonly_tuple_sweights.root
K	root://eoslhcb.cern.ch//eos/lhcb/grid/prod/lhcb/anaprod/lhcb/LHCb/Collision25/PID_TURBOONLY_TUPLE.ROOT/00331960/0000/00331960_00000234_1.pid_turboonly_tuple.root	root://eoslhcb.cern.ch//eos/lhcb/wg/rta/WP4/PIDCalib2_sWeights/2025/MagUp/DstToD0Pi_D0ToKPi/s25c4/K/00331960_00000234_1.pid_turboonly_tuple_sweights.root
K	root://eoslhcb.cern.ch//eos/lhcb/grid/prod/lhcb/anaprod/lhcb/LHCb/Collision25/PID_TURBOONLY_TUPLE.ROOT/00331960/0000/00331960_00000235_1.pid_turboonly_tuple.root	root://eoslhcb.cern.ch//eos/lhcb/wg/rta/WP4/PIDCalib2_sWeights/2025/MagUp/DstToD0Pi_D0ToKPi/s25c4/K/00331960_00000235_1.pid_turboonly_tuple_sweights.root
K	root://eoslhcb.cern.ch//eos/lhcb/grid/prod/lhcb/anaprod/lhcb/LHCb/Collision25/PID_TURBOONLY_TUPLE.ROOT/00331960/0000/00331960_00000236_1.pid_turboonly_tuple.root	root://eoslhcb.cern.ch//eos/lhcb/wg/rta/WP4/PIDCalib2_sWeights/2025/MagUp/DstToD0Pi_D0ToKPi/s25c4/K/00331960_00000236_1.pid_turboonly_tuple_sweights.root
K	root://eoslhcb.cern.ch//eos/lhcb/grid/prod/lhcb/anaprod/lhcb/LHCb/Collision25/PID_TURBOONLY_TUPLE.ROOT/00331960/0000/00331960_00000237_1.pid_turboonly_tuple.root	root://eoslhcb.cern.ch//eos/lhcb/wg/rta/WP4/PIDCalib2_sWeights/2025/MagUp/DstToD0Pi_D0ToKPi/s25c4/K/00331960_00000237_1.pid_turboonly_tuple_sweights.root
K	root://eoslhcb.cern.ch//eos/lhcb/grid/prod/lhcb/anaprod/lhcb/LHCb/Collision25/PID_TURBOONLY_TUPLE.ROOT/00331960/0000/00331960_00000238_1.pid_turboonly_tuple.root	root://eoslhcb.cern.ch//eos/lhcb/wg/rta/WP4/PIDCalib2_sWeights/2025/MagUp/DstToD0Pi_D0ToKPi/s25c4/K/00331960_00000238_1.pid_turboonly_tuple_sweights.root
K	root://eoslhcb.cern.ch//eos/lhcb/grid/prod/lhcb/anaprod/lhcb/LHCb/Collision25/PID_TURBOONLY_TUPLE.ROOT/00331960/0000/00331960_00000239_1.pid_turboonly_tuple.root	root://eoslhcb.cern.ch//eos/lhcb/wg/rta/WP4/PIDCalib2_sWeights/2025/MagUp/DstToD0Pi_D0ToKPi/s25c4/K/00331960_00000239_1.pid_turboonly_tuple_sweights.root
K	root://eoslhcb.cern.ch//eos/lhcb/grid/prod/lhcb/anaprod/lhcb/LHCb/Collision25/PID_TURBOONLY_TUPLE.ROOT/00331960/0000/00331960_00000240_1.pid_turboonly_tuple.root	root://eoslhcb.cern.ch//eos/lhcb/wg/rta/WP4/PIDCalib2_sWeights/2025/MagUp/DstToD0Pi_D0ToKPi/s25c4/K/00331960_00000240_1.pid_turboonly_tuple_sweights.root
K	root://eoslhcb.cern.ch//eos/lhcb/grid/prod/lhcb/anaprod/lhcb/LHCb/Collision25/PID_TURBOONLY_TUPLE.ROOT/00331960/0000/00331960_00000241_1.pid_turboonly_tuple.root	root://eoslhcb.cern.ch//eos/lhcb/wg/rta/WP4/PIDCalib2_sWeights/2025/MagUp/DstToD0Pi_D0ToKPi/s25c4/K/00331960_00000241_1.pid_turboonly_tuple_sweights.root
K	root://eoslhcb.cern.ch//eos/lhcb/grid/prod/lhcb/anaprod/lhcb/LHCb/Collision25/PID_TURBOONLY_TUPLE.ROOT/00331960/0000/00331960_00000242_1.pid_turboonly_tuple.root	root://eoslhcb.cern.ch//eos/lhcb/wg/rta/WP4/PIDCalib2_sWeights/2025/MagUp/DstToD0Pi_D0ToKPi/s25c4/K/00331960_00000242_1.pid_turboonly_tuple_sweights.root
K	root://eoslhcb.cern.ch//eos/lhcb/grid/prod/lhcb/anaprod/lhcb/LHCb/Collision25/PID_TURBOONLY_TUPLE.ROOT/00331960/0000/00331960_00000243_1.pid_turboonly_tuple.root	root://eoslhcb.cern.ch//eos/lhcb/wg/rta/WP4/PIDCalib2_sWeights/2025/MagUp/DstToD0Pi_D0ToKPi/s25c4/K/00331960_00000243_1.pid_turboonly_tuple_sweights.root
K	root://eoslhcb.cern.ch//eos/lhcb/grid/prod/lhcb/anaprod/lhcb/LHCb/Collision25/PID_TURBOONLY_TUPLE.ROOT/00331960/0000/00331960_00000244_1.pid_turboonly_tuple.root	root://eoslhcb.cern.ch//eos/lhcb/wg/rta/WP4/PIDCalib2_sWeights/2025/MagUp/DstToD0Pi_D0ToKPi/s25c4/K/00331960_00000244_1.pid_turboonly_tuple_sweights.root
K	root://eoslhcb.cern.ch//eos/lhcb/grid/prod/lhcb/anaprod/lhcb/LHCb/Collision25/PID_TURBOONLY_TUPLE.ROOT/00331960/0000/00331960_00000245_1.pid_turboonly_tuple.root	root://eoslhcb.cern.ch//eos/lhcb/wg/rta/WP4/PIDCalib2_sWeights/2025/MagUp/DstToD0Pi_D0ToKPi/s25c4/K/00331960_00000245_1.pid_turboonly_tuple_sweights.root
K	root://eoslhcb.cern.ch//eos/lhcb/grid/prod/lhcb/anaprod/lhcb/LHCb/Collision25/PID_TURBOONLY_TUPLE.ROOT/00331960/0000/00331960_00000246_1.pid_turboonly_tuple.root	root://eoslhcb.cern.ch//eos/lhcb/wg/rta/WP4/PIDCalib2_sWeights/2025/MagUp/DstToD0Pi_D0ToKPi/s25c4/K/00331960_00000246_1.pid_turboonly_tuple_sweights.root
Pi	root://eoslhcb.cern.ch//eos/lhcb/grid/prod/lhcb/anaprod/lhcb/LHCb/Collision25/PID_TURBOONLY_TUPLE.ROOT/00331960/0000/00331960_00000001_1.pid_turboonly_tuple.root	root://eoslhcb.cern.ch//eos/lhcb/wg/rta/WP4/PIDCalib2_sWeights/2025/MagUp/DstToD0Pi_D0ToKPi/s25c4/Pi/00331960_00000001_1.pid_turboonly_tuple_sweights.root
Pi	root://eoslhcb.cern.ch//eos/lhcb/grid/prod/lhcb/anaprod/lhcb/LHCb/Collision25/PID_TURBOONLY_TUPLE.ROOT/00331960/0000/00331960_00000002_1.pid_turboonly_tuple.root	root://eoslhcb.cern.ch//eos/lhcb/wg/rta/WP4/PIDCalib2_sWeights/2025/MagUp/DstToD0Pi_D0ToKPi/s25c4/Pi/00331960_00000002_1.pid_turboonly_tuple_sweights.root
Pi	root://eoslhcb.cern.ch//eos/lhcb/grid/prod/lhcb/anaprod/lhcb/LHCb/Collision25/PID_TURBOONLY_TUPLE.ROOT/00331960/0000/00331960_00000003_1.pid_turboonly_tuple.root	root://eoslhcb.cern.ch//eos/lhcb/wg/rta/WP4/PIDCalib2_sWeights/2025/MagUp/DstToD0Pi_D0ToKPi/s25c4/Pi/00331960_00000003_1.pid_turboonly_tuple_sweights.root
Pi	root://eoslhcb.cern.ch//eos/lhcb/grid/prod/lhcb/anaprod/lhcb/LHCb/Collision25/PID_TURBOONLY_TUPLE.ROOT/00331960/0000/00331960_00000004_1.pid_turboonly_tuple.root	root://eoslhcb.cern.ch//eos/lhcb/wg/rta/WP4/PIDCalib2_sWeights/2025/MagUp/DstToD0Pi_D0ToKPi/s25c4/Pi/00331960_00000004_1.pid_turboonly_tuple_sweights.root
Pi	root://eoslhcb.cern.ch//eos/lhcb/grid/prod/lhcb/anaprod/lhcb/LHCb/Collision25/PID_TURBOONLY_TUPLE.ROOT/00331960/0000/00331960_00000005_1.pid_turboonly_tuple.root	root://eoslhcb.cern.ch//eos/lhcb/wg/rta/WP4/PIDCalib2_sWeights/2025/MagUp/DstToD0Pi_D0ToKPi/s25c4/Pi/00331960_00000005_1.pid_turboonly_tuple_sweights.root
Pi	root://eoslhcb.cern.ch//eos/lhcb/grid/prod/lhcb/anaprod/lhcb/LHCb/Collision25/PID_TURBOONLY_TUPLE.ROOT/00331960/0000/00331960_00000006_1.pid_turboonly_tuple.root	root://eoslhcb.cern.ch//eos/lhcb/wg/rta/WP4/PIDCalib2_sWeights/2025/MagUp/DstToD0Pi_D0ToKPi/s25c4/Pi/00331960_00000006_1.pid_turboonly_tuple_sweights.root
Pi	root://eoslhcb.cern.ch//eos/lhcb/grid/prod/lhcb/anaprod/lhcb/LHCb/Collision25/PID_TURBOONLY_TUPLE.ROOT/00331960/0000/00331960_00000007_1.pid_turboonly_tuple.root	root://eoslhcb.cern.ch//eos/lhcb/wg/rta/WP4/PIDCalib2_sWeights/2025/MagUp/DstToD0Pi_D0ToKPi/s25c4/Pi/00331960_00000007_1.pid_turboonly_tuple_sweights.root
Pi	root://eoslhcb.cern.ch//eos/lhcb/grid/prod/lhcb/anaprod/lhcb/LHCb/Collision25/PID_TURBOONLY_TUPLE.ROOT/00331960/0000/00331960_00000008_1.pid_turboonly_tuple.root	root://eoslhcb.cern.ch//eos/lhcb/wg/rta/WP4/PIDCalib2_sWeights/2025/MagUp/DstToD0Pi_D0ToKPi/s25c4/Pi/00331960_00000008_1.pid_turboonly_tuple_sweights.root
Pi	root://eoslhcb.cern.ch//eos/lhcb/grid/prod/lhcb/anaprod/lhcb/LHCb/Collision25/PID_TURBOONLY_TUPLE.ROOT/00331960/0000/00331960_00000009_1.pid_turboonly_tuple.root	root://eoslhcb.cern.ch//eos/lhcb/wg/rta/WP4/PIDCalib2_sWeights/2025/MagUp/DstToD0Pi_D0ToKPi/s25c4/Pi/00331960_00000009_1.pid_turboonly_tuple_sweights.root
Pi	root://eoslhcb.cern.ch//eos/lhcb/grid/prod/lhcb/anaprod/lhcb/LHCb/Collision25/PID_TURBOONLY_TUPLE.ROOT/00331960/0000/00331960_00000010_1.pid_turboonly_tuple.root	root://eoslhcb.cern.ch//eos/lhcb/wg/rta/WP4/PIDCalib2_sWeights/2025/MagUp/DstToD0Pi_D0ToKPi/s25c4/Pi/00331960_00000010_1.pid_turboonly_tuple_sweights.root
Pi	root://eoslhcb.cern.ch//eos/lhcb/grid/prod/lhcb/anaprod/lhcb/LHCb/Collision25/PID_TURBOONLY_TUPLE.ROOT/00331960/0000/00331960_00000011_1.pid_turboonly_tuple.root	root://eoslhcb.cern.ch//eos/lhcb/wg/rta/WP4/PIDCalib2_sWeights/2025/MagUp/DstToD0Pi_D0ToKPi/s25c4/Pi/00331960_00000011_1.pid_turboonly_tuple_sweights.root
Pi	root://eoslhcb.cern.ch//eos/lhcb/grid/prod/lhcb/anaprod/lhcb/LHCb/Collision25/PID_TURBOONLY_TUPLE.ROOT/00331960/0000/00331960_00000012_1.pid_turboonly_tuple.root	root://eoslhcb.cern.ch//eos/lhcb/wg/rta/WP4/PIDCalib2_sWeights/2025/MagUp/DstToD0Pi_D0ToKPi/s25c4/Pi/00331960_00000012_1.pid_turboonly_tuple_sweights.root
Pi	root://eoslhcb.cern.ch//eos/lhcb/grid/prod/lhcb/anaprod/lhcb/LHCb/Collision25/PID_TURBOONLY_TUPLE.ROOT/00331960/0000/00331960_00000013_1.pid_turboonly_tuple.root	root://eoslhcb.cern.ch//eos/lhcb/wg/rta/WP4/PIDCalib2_sWeights/2025/MagUp/DstToD0Pi_D0ToKPi/s25c4/Pi/00331960_00000013_1.pid_turboonly_tuple_sweights.root
Pi	root://eoslhcb.cern.ch//eos/lhcb/grid/prod/lhcb/anaprod/lhcb/LHCb/Collision25/PID_TURBOONLY_TUPLE.ROOT/00331960/0000/00331960_00000014_1.pid_turboonly_tuple.root	root://eoslhcb.cern.ch//eos/lhcb/wg/rta/WP4/PIDCalib2_sWeights/2025/MagUp/DstToD0Pi_D0ToKPi/s25c4/Pi/00331960_00000014_1.pid_turboonly_tuple_sweights.root
Pi	root://eoslhcb.cern.ch//eos/lhcb/grid/prod/lhcb/anaprod/lhcb/LHCb/Collision25/PID_TURBOONLY_TUPLE.ROOT/00331960/0000/00331960_00000015_1.pid_turboonly_tuple.root	root://eoslhcb.cern.ch//eos/lhcb/wg/rta/WP4/PIDCalib2_sWeights/2025/MagUp/DstToD0Pi_D0ToKPi/s25c4/Pi/00331960_00000015_1.pid_turboonly_tuple_sweights.root
Pi	root://eoslhcb.cern.ch//eos/lhcb/grid/prod/lhcb/anaprod/lhcb/LHCb/Collision25/PID_TURBOONLY_TUPLE.ROOT/00331960/0000/00331960_00000016_1.pid_turboonly_tuple.root	root://eoslhcb.cern.ch//eos/lhcb/wg/rta/WP4/PIDCalib2_sWeights/2025/MagUp/DstToD0Pi_D0ToKPi/s25c4/Pi/00331960_00000016_1.pid_turboonly_tuple_sweights.root
Pi	root://eoslhcb.cern.ch//eos/lhcb/grid/prod/lhcb/anaprod/lhcb/LHCb/Collision25/PID_TURBOONLY_TUPLE.ROOT/00331960/0000/00331960_00000017_1.pid_turboonly_tuple.root	root://eoslhcb.cern.ch//eos/lhcb/wg/rta/WP4/PIDCalib2_sWeights/2025/MagUp/DstToD0Pi_D0ToKPi/s25c4/Pi/00331960_00000017_1.pid_turboonly_tuple_sweights.root
Pi	root://eoslhcb.cern.ch//eos/lhcb/grid/prod/lhcb/anaprod/lhcb/LHCb/Collision25/PID_TURBOONLY_TUPLE.ROOT/00331960/0000/00331960_00000018_1.pid_turboonly_tuple.root	root://eoslhcb.cern.ch//eos/lhcb/wg/rta/WP4/PIDCalib2_sWeights/2025/MagUp/DstToD0Pi_D0ToKPi/s25c4/Pi/00331960_00000018_1.pid_turboonly_tuple_sweights.root
Pi	root://eoslhcb.cern.ch//eos/lhcb/grid/prod/lhcb/anaprod/lhcb/LHCb/Collision25/PID_TURBOONLY_TUPLE.ROOT/00331960/0000/00331960_00000019_1.pid_turboonly_tuple.root	root://eoslhcb.cern.ch//eos/lhcb/wg/rta/WP4/PIDCalib2_sWeights/2025/MagUp/DstToD0Pi_D0ToKPi/s25c4/Pi/00331960_00000019_1.pid_turboonly_tuple_sweights.root
Pi	root://eoslhcb.cern.ch//eos/lhcb/grid/prod/lhcb/anaprod/lhcb/LHCb/Collision25/PID_TURBOONLY_TUPLE.ROOT/00331960/0000/00331960_00000020_1.pid_turboonly_tuple.root	root://eoslhcb.cern.ch//eos/lhcb/wg/rta/WP4/PIDCalib2_sWeights/2025/MagUp/DstToD0Pi_D0ToKPi/s25c4/Pi/00331960_00000020_1.pid_turboonly_tuple_sweights.root
Pi	root://eoslhcb.cern.ch//eos/lhcb/grid/prod/lhcb/anaprod/lhcb/LHCb/Collision25/PID_TURBOONLY_TUPLE.ROOT/00331960/0000/00331960_00000021_1.pid_turboonly_tuple.root	root://eoslhcb.cern.ch//eos/lhcb/wg/rta/WP4/PIDCalib2_sWeights/2025/MagUp/DstToD0Pi_D0ToKPi/s25c4/Pi/00331960_00000021_1.pid_turboonly_tuple_sweights.root
Pi	root://eoslhcb.cern.ch//eos/lhcb/grid/prod/lhcb/anaprod/lhcb/LHCb/Collision25/PID_TURBOONLY_TUPLE.ROOT/00331960/0000/00331960_00000022_1.pid_turboonly_tuple.root	root://eoslhcb.cern.ch//eos/lhcb/wg/rta/WP4/PIDCalib2_sWeights/2025/MagUp/DstToD0Pi_D0ToKPi/s25c4/Pi/00331960_00000022_1.pid_turboonly_tuple_sweights.root
Pi	root://eoslhcb.cern.ch//eos/lhcb/grid/prod/lhcb/anaprod/lhcb/LHCb/Collision25/PID_TURBOONLY_TUPLE.ROOT/00331960/0000/00331960_00000023_1.pid_turboonly_tuple.root	root://eoslhcb.cern.ch//eos/lhcb/wg/rta/WP4/PIDCalib2_sWeights/2025/MagUp/DstToD0Pi_D0ToKPi/s25c4/Pi/00331960_00000023_1.pid_turboonly_tuple_sweights.root
Pi	root://eoslhcb.cern.ch//eos/lhcb/grid/prod/lhcb/anaprod/lhcb/LHCb/Collision25/PID_TURBOONLY_TUPLE.ROOT/00331960/0000/00331960_00000024_1.pid_turboonly_tuple.root	root://eoslhcb.cern.ch//eos/lhcb/wg/rta/WP4/PIDCalib2_sWeights/2025/MagUp/DstToD0Pi_D0ToKPi/s25c4/Pi/00331960_00000024_1.pid_turboonly_tuple_sweights.root
Pi	root://eoslhcb.cern.ch//eos/lhcb/grid/prod/lhcb/anaprod/lhcb/LHCb/Collision25/PID_TURBOONLY_TUPLE.ROOT/00331960/0000/00331960_00000025_1.pid_turboonly_tuple.root	root://eoslhcb.cern.ch//eos/lhcb/wg/rta/WP4/PIDCalib2_sWeights/2025/MagUp/DstToD0Pi_D0ToKPi/s25c4/Pi/00331960_00000025_1.pid_turboonly_tuple_sweights.root
Pi	root://eoslhcb.cern.ch//eos/lhcb/grid/prod/lhcb/anaprod/lhcb/LHCb/Collision25/PID_TURBOONLY_TUPLE.ROOT/00331960/0000/00331960_00000026_1.pid_turboonly_tuple.root	root://eoslhcb.cern.ch//eos/lhcb/wg/rta/WP4/PIDCalib2_sWeights/2025/MagUp/DstToD0Pi_D0ToKPi/s25c4/Pi/00331960_00000026_1.pid_turboonly_tuple_sweights.root
Pi	root://eoslhcb.cern.ch//eos/lhcb/grid/prod/lhcb/anaprod/lhcb/LHCb/Collision25/PID_TURBOONLY_TUPLE.ROOT/00331960/0000/00331960_00000027_1.pid_turboonly_tuple.root	root://eoslhcb.cern.ch//eos/lhcb/wg/rta/WP4/PIDCalib2_sWeights/2025/MagUp/DstToD0Pi_D0ToKPi/s25c4/Pi/00331960_00000027_1.pid_turboonly_tuple_sweights.root
Pi	root://eoslhcb.cern.ch//eos/lhcb/grid/prod/lhcb/anaprod/lhcb/LHCb/Collision25/PID_TURBOONLY_TUPLE.ROOT/00331960/0000/00331960_00000028_1.pid_turboonly_tuple.root	root://eoslhcb.cern.ch//eos/lhcb/wg/rta/WP4/PIDCalib2_sWeights/2025/MagUp/DstToD0Pi_D0ToKPi/s25c4/Pi/00331960_00000028_1.pid_turboonly_tuple_sweights.root
Pi	root://eoslhcb.cern.ch//eos/lhcb/grid/prod/lhcb/anaprod/lhcb/LHCb/Collision25/PID_TURBOONLY_TUPLE.ROOT/00331960/0000/00331960_00000029_1.pid_turboonly_tuple.root	root://eoslhcb.cern.ch//eos/lhcb/wg/rta/WP4/PIDCalib2_sWeights/2025/MagUp/DstToD0Pi_D0ToKPi/s25c4/Pi/00331960_00000029_1.pid_turboonly_tuple_sweights.root
Pi	root://eoslhcb.cern.ch//eos/lhcb/grid/prod/lhcb/anaprod/lhcb/LHCb/Collision25/PID_TURBOONLY_TUPLE.ROOT/00331960/0000/00331960_00000030_1.pid_turboonly_tuple.root	root://eoslhcb.cern.ch//eos/lhcb/wg/rta/WP4/PIDCalib2_sWeights/2025/MagUp/DstToD0Pi_D0ToKPi/s25c4/Pi/00331960_00000030_1.pid_turboonly_tuple_sweights.root
Pi	root://eoslhcb.cern.ch//eos/lhcb/grid/prod/lhcb/anaprod/lhcb/LHCb/Collision25/PID_TURBOONLY_TUPLE.ROOT/00331960/0000/00331960_00000031_1.pid_turboonly_tuple.root	root://eoslhcb.cern.ch//eos/lhcb/wg/rta/WP4/PIDCalib2_sWeights/2025/MagUp/DstToD0Pi_D0ToKPi/s25c4/Pi/00331960_00000031_1.pid_turboonly_tuple_sweights.root
Pi	root://eoslhcb.cern.ch//eos/lhcb/grid/prod/lhcb/anaprod/lhcb/LHCb/Collision25/PID_TURBOONLY_TUPLE.ROOT/00331960/0000/00331960_00000032_1.pid_turboonly_tuple.root	root://eoslhcb.cern.ch//eos/lhcb/wg/rta/WP4/PIDCalib2_sWeights/2025/MagUp/DstToD0Pi_D0ToKPi/s25c4/Pi/00331960_00000032_1.pid_turboonly_tuple_sweights.root
Pi	root://eoslhcb.cern.ch//eos/lhcb/grid/prod/lhcb/anaprod/lhcb/LHCb/Collision25/PID_TURBOONLY_TUPLE.ROOT/00331960/0000/00331960_00000033_1.pid_turboonly_tuple.root	root://eoslhcb.cern.ch//eos/lhcb/wg/rta/WP4/PIDCalib2_sWeights/2025/MagUp/DstToD0Pi_D0ToKPi/s25c4/Pi/00331960_00000033_1.pid_turboonly_tuple_sweights.root
Pi	root://eoslhcb.cern.ch//eos/lhcb/grid/prod/lhcb/anaprod/lhcb/LHCb/Collision25/PID_TURBOONLY_TUPLE.ROOT/00331960/0000/00331960_00000034_1.pid_turboonly_tuple.root	root://eoslhcb.cern.ch//eos/lhcb/wg/rta/WP4/PIDCalib2_sWeights/2025/MagUp/DstToD0Pi_D0ToKPi/s25c4/Pi/00331960_00000034_1.pid_turboonly_tuple_sweights.root
Pi	root://eoslhcb.cern.ch//eos/lhcb/grid/prod/lhcb/anaprod/lhcb/LHCb/Collision25/PID_TURBOONLY_TUPLE.ROOT/00331960/0000/00331960_00000035_1.pid_turboonly_tuple.root	root://eoslhcb.cern.ch//eos/lhcb/wg/rta/WP4/PIDCalib2_sWeights/2025/MagUp/DstToD0Pi_D0ToKPi/s25c4/Pi/00331960_00000035_1.pid_turboonly_tuple_sweights.root
Pi	root://eoslhcb.cern.ch//eos/lhcb/grid/prod/lhcb/anaprod/lhcb/LHCb/Collision25/PID_TURBOONLY_TUPLE.ROOT/00331960/0000/00331960_00000036_1.pid_turboonly_tuple.root	root://eoslhcb.cern.ch//eos/lhcb/wg/rta/WP4/PIDCalib2_sWeights/2025/MagUp/DstToD0Pi_D0ToKPi/s25c4/Pi/00331960_00000036_1.pid_turboonly_tuple_sweights.root
Pi	root://eoslhcb.cern.ch//eos/lhcb/grid/prod/lhcb/anaprod/lhcb/LHCb/Collision25/PID_TURBOONLY_TUPLE.ROOT/00331960/0000/00331960_00000037_1.pid_turboonly_tuple.root	root://eoslhcb.cern.ch//eos/lhcb/wg/rta/WP4/PIDCalib2_sWeights/2025/MagUp/DstToD0Pi_D0ToKPi/s25c4/Pi/00331960_00000037_1.pid_turboonly_tuple_sweights.root
Pi	root://eoslhcb.cern.ch//eos/lhcb/grid/prod/lhcb/anaprod/lhcb/LHCb/Collision25/PID_TURBOONLY_TUPLE.ROOT/00331960/0000/00331960_00000038_1.pid_turboonly_tuple.root	root://eoslhcb.cern.ch//eos/lhcb/wg/rta/WP4/PIDCalib2_sWeights/2025/MagUp/DstToD0Pi_D0ToKPi/s25c4/Pi/00331960_00000038_1.pid_turboonly_tuple_sweights.root
Pi	root://eoslhcb.cern.ch//eos/lhcb/grid/prod/lhcb/anaprod/lhcb/LHCb/Collision25/PID_TURBOONLY_TUPLE.ROOT/00331960/0000/00331960_00000039_1.pid_turboonly_tuple.root	root://eoslhcb.cern.ch//eos/lhcb/wg/rta/WP4/PIDCalib2_sWeights/2025/MagUp/DstToD0Pi_D0ToKPi/s25c4/Pi/00331960_00000039_1.pid_turboonly_tuple_sweights.root
Pi	root://eoslhcb.cern.ch//eos/lhcb/grid/prod/lhcb/anaprod/lhcb/LHCb/Collision25/PID_TURBOONLY_TUPLE.ROOT/00331960/0000/00331960_00000040_1.pid_turboonly_tuple.root	root://eoslhcb.cern.ch//eos/lhcb/wg/rta/WP4/PIDCalib2_sWeights/2025/MagUp/DstToD0Pi_D0ToKPi/s25c4/Pi/00331960_00000040_1.pid_turboonly_tuple_sweights.root
Pi	root://eoslhcb.cern.ch//eos/lhcb/grid/prod/lhcb/anaprod/lhcb/LHCb/Collision25/PID_TURBOONLY_TUPLE.ROOT/00331960/0000/00331960_00000041_1.pid_turboonly_tuple.root	root://eoslhcb.cern.ch//eos/lhcb/wg/rta/WP4/PIDCalib2_sWeights/2025/MagUp/DstToD0Pi_D0ToKPi/s25c4/Pi/00331960_00000041_1.pid_turboonly_tuple_sweights.root
Pi	root://eoslhcb.cern.ch//eos/lhcb/grid/prod/lhcb/anaprod/lhcb/LHCb/Collision25/PID_TURBOONLY_TUPLE.ROOT/00331960/0000/00331960_00000042_1.pid_turboonly_tuple.root	root://eoslhcb.cern.ch//eos/lhcb/wg/rta/WP4/PIDCalib2_sWeights/2025/MagUp/DstToD0Pi_D0ToKPi/s25c4/Pi/00331960_00000042_1.pid_turboonly_tuple_sweights.root
Pi	root://eoslhcb.cern.ch//eos/lhcb/grid/prod/lhcb/anaprod/lhcb/LHCb/Collision25/PID_TURBOONLY_TUPLE.ROOT/00331960/0000/00331960_00000043_1.pid_turboonly_tuple.root	root://eoslhcb.cern.ch//eos/lhcb/wg/rta/WP4/PIDCalib2_sWeights/2025/MagUp/DstToD0Pi_D0ToKPi/s25c4/Pi/00331960_00000043_1.pid_turboonly_tuple_sweights.root
Pi	root://eoslhcb.cern.ch//eos/lhcb/grid/prod/lhcb/anaprod/lhcb/LHCb/Collision25/PID_TURBOONLY_TUPLE.ROOT/00331960/0000/00331960_00000044_1.pid_turboonly_tuple.root	root://eoslhcb.cern.ch//eos/lhcb/wg/rta/WP4/PIDCalib2_sWeights/2025/MagUp/DstToD0Pi_D0ToKPi/s25c4/Pi/00331960_00000044_1.pid_turboonly_tuple_sweights.root
Pi	root://eoslhcb.cern.ch//eos/lhcb/grid/prod/lhcb/anaprod/lhcb/LHCb/Collision25/PID_TURBOONLY_TUPLE.ROOT/00331960/0000/00331960_00000045_1.pid_turboonly_tuple.root	root://eoslhcb.cern.ch//eos/lhcb/wg/rta/WP4/PIDCalib2_sWeights/2025/MagUp/DstToD0Pi_D0ToKPi/s25c4/Pi/00331960_00000045_1.pid_turboonly_tuple_sweights.root
Pi	root://eoslhcb.cern.ch//eos/lhcb/grid/prod/lhcb/anaprod/lhcb/LHCb/Collision25/PID_TURBOONLY_TUPLE.ROOT/00331960/0000/00331960_00000046_1.pid_turboonly_tuple.root	root://eoslhcb.cern.ch//eos/lhcb/wg/rta/WP4/PIDCalib2_sWeights/2025/MagUp/DstToD0Pi_D0ToKPi/s25c4/Pi/00331960_00000046_1.pid_turboonly_tuple_sweights.root
Pi	root://eoslhcb.cern.ch//eos/lhcb/grid/prod/lhcb/anaprod/lhcb/LHCb/Collision25/PID_TURBOONLY_TUPLE.ROOT/00331960/0000/00331960_00000047_1.pid_turboonly_tuple.root	root://eoslhcb.cern.ch//eos/lhcb/wg/rta/WP4/PIDCalib2_sWeights/2025/MagUp/DstToD0Pi_D0ToKPi/s25c4/Pi/00331960_00000047_1.pid_turboonly_tuple_sweights.root
Pi	root://eoslhcb.cern.ch//eos/lhcb/grid/prod/lhcb/anaprod/lhcb/LHCb/Collision25/PID_TURBOONLY_TUPLE.ROOT/00331960/0000/00331960_00000048_1.pid_turboonly_tuple.root	root://eoslhcb.cern.ch//eos/lhcb/wg/rta/WP4/PIDCalib2_sWeights/2025/MagUp/DstToD0Pi_D0ToKPi/s25c4/Pi/00331960_00000048_1.pid_turboonly_tuple_sweights.root
Pi	root://eoslhcb.cern.ch//eos/lhcb/grid/prod/lhcb/anaprod/lhcb/LHCb/Collision25/PID_TURBOONLY_TUPLE.ROOT/00331960/0000/00331960_00000049_1.pid_turboonly_tuple.root	root://eoslhcb.cern.ch//eos/lhcb/wg/rta/WP4/PIDCalib2_sWeights/2025/MagUp/DstToD0Pi_D0ToKPi/s25c4/Pi/00331960_00000049_1.pid_turboonly_tuple_sweights.root
Pi	root://eoslhcb.cern.ch//eos/lhcb/grid/prod/lhcb/anaprod/lhcb/LHCb/Collision25/PID_TURBOONLY_TUPLE.ROOT/00331960/0000/00331960_00000050_1.pid_turboonly_tuple.root	root://eoslhcb.cern.ch//eos/lhcb/wg/rta/WP4/PIDCalib2_sWeights/2025/MagUp/DstToD0Pi_D0ToKPi/s25c4/Pi/00331960_00000050_1.pid_turboonly_tuple_sweights.root
Pi	root://eoslhcb.cern.ch//eos/lhcb/grid/prod/lhcb/anaprod/lhcb/LHCb/Collision25/PID_TURBOONLY_TUPLE.ROOT/00331960/0000/00331960_00000051_1.pid_turboonly_tuple.root	root://eoslhcb.cern.ch//eos/lhcb/wg/rta/WP4/PIDCalib2_sWeights/2025/MagUp/DstToD0Pi_D0ToKPi/s25c4/Pi/00331960_00000051_1.pid_turboonly_tuple_sweights.root
Pi	root://eoslhcb.cern.ch//eos/lhcb/grid/prod/lhcb/anaprod/lhcb/LHCb/Collision25/PID_TURBOONLY_TUPLE.ROOT/00331960/0000/00331960_00000052_1.pid_turboonly_tuple.root	root://eoslhcb.cern.ch//eos/lhcb/wg/rta/WP4/PIDCalib2_sWeights/2025/MagUp/DstToD0Pi_D0ToKPi/s25c4/Pi/00331960_00000052_1.pid_turboonly_tuple_sweights.root
Pi	root://eoslhcb.cern.ch//eos/lhcb/grid/prod/lhcb/anaprod/lhcb/LHCb/Collision25/PID_TURBOONLY_TUPLE.ROOT/00331960/0000/00331960_00000053_1.pid_turboonly_tuple.root	root://eoslhcb.cern.ch//eos/lhcb/wg/rta/WP4/PIDCalib2_sWeights/2025/MagUp/DstToD0Pi_D0ToKPi/s25c4/Pi/00331960_00000053_1.pid_turboonly_tuple_sweights.root
Pi	root://eoslhcb.cern.ch//eos/lhcb/grid/prod/lhcb/anaprod/lhcb/LHCb/Collision25/PID_TURBOONLY_TUPLE.ROOT/00331960/0000/00331960_00000054_1.pid_turboonly_tuple.root	root://eoslhcb.cern.ch//eos/lhcb/wg/rta/WP4/PIDCalib2_sWeights/2025/MagUp/DstToD0Pi_D0ToKPi/s25c4/Pi/00331960_00000054_1.pid_turboonly_tuple_sweights.root
Pi	root://eoslhcb.cern.ch//eos/lhcb/grid/prod/lhcb/anaprod/lhcb/LHCb/Collision25/PID_TURBOONLY_TUPLE.ROOT/00331960/0000/00331960_00000055_1.pid_turboonly_tuple.root	root://eoslhcb.cern.ch//eos/lhcb/wg/rta/WP4/PIDCalib2_sWeights/2025/MagUp/DstToD0Pi_D0ToKPi/s25c4/Pi/00331960_00000055_1.pid_turboonly_tuple_sweights.root
Pi	root://eoslhcb.cern.ch//eos/lhcb/grid/prod/lhcb/anaprod/lhcb/LHCb/Collision25/PID_TURBOONLY_TUPLE.ROOT/00331960/0000/00331960_00000056_1.pid_turboonly_tuple.root	root://eoslhcb.cern.ch//eos/lhcb/wg/rta/WP4/PIDCalib2_sWeights/2025/MagUp/DstToD0Pi_D0ToKPi/s25c4/Pi/00331960_00000056_1.pid_turboonly_tuple_sweights.root
Pi	root://eoslhcb.cern.ch//eos/lhcb/grid/prod/lhcb/anaprod/lhcb/LHCb/Collision25/PID_TURBOONLY_TUPLE.ROOT/00331960/0000/00331960_00000057_1.pid_turboonly_tuple.root	root://eoslhcb.cern.ch//eos/lhcb/wg/rta/WP4/PIDCalib2_sWeights/2025/MagUp/DstToD0Pi_D0ToKPi/s25c4/Pi/00331960_00000057_1.pid_turboonly_tuple_sweights.root
Pi	root://eoslhcb.cern.ch//eos/lhcb/grid/prod/lhcb/anaprod/lhcb/LHCb/Collision25/PID_TURBOONLY_TUPLE.ROOT/00331960/0000/00331960_00000058_1.pid_turboonly_tuple.root	root://eoslhcb.cern.ch//eos/lhcb/wg/rta/WP4/PIDCalib2_sWeights/2025/MagUp/DstToD0Pi_D0ToKPi/s25c4/Pi/00331960_00000058_1.pid_turboonly_tuple_sweights.root
Pi	root://eoslhcb.cern.ch//eos/lhcb/grid/prod/lhcb/anaprod/lhcb/LHCb/Collision25/PID_TURBOONLY_TUPLE.ROOT/00331960/0000/00331960_00000059_1.pid_turboonly_tuple.root	root://eoslhcb.cern.ch//eos/lhcb/wg/rta/WP4/PIDCalib2_sWeights/2025/MagUp/DstToD0Pi_D0ToKPi/s25c4/Pi/00331960_00000059_1.pid_turboonly_tuple_sweights.root
Pi	root://eoslhcb.cern.ch//eos/lhcb/grid/prod/lhcb/anaprod/lhcb/LHCb/Collision25/PID_TURBOONLY_TUPLE.ROOT/00331960/0000/00331960_00000060_1.pid_turboonly_tuple.root	root://eoslhcb.cern.ch//eos/lhcb/wg/rta/WP4/PIDCalib2_sWeights/2025/MagUp/DstToD0Pi_D0ToKPi/s25c4/Pi/00331960_00000060_1.pid_turboonly_tuple_sweights.root
Pi	root://eoslhcb.cern.ch//eos/lhcb/grid/prod/lhcb/anaprod/lhcb/LHCb/Collision25/PID_TURBOONLY_TUPLE.ROOT/00331960/0000/00331960_00000061_1.pid_turboonly_tuple.root	root://eoslhcb.cern.ch//eos/lhcb/wg/rta/WP4/PIDCalib2_sWeights/2025/MagUp/DstToD0Pi_D0ToKPi/s25c4/Pi/00331960_00000061_1.pid_turboonly_tuple_sweights.root
Pi	root://eoslhcb.cern.ch//eos/lhcb/grid/prod/lhcb/anaprod/lhcb/LHCb/Collision25/PID_TURBOONLY_TUPLE.ROOT/00331960/0000/00331960_00000062_1.pid_turboonly_tuple.root	root://eoslhcb.cern.ch//eos/lhcb/wg/rta/WP4/PIDCalib2_sWeights/2025/MagUp/DstToD0Pi_D0ToKPi/s25c4/Pi/00331960_00000062_1.pid_turboonly_tuple_sweights.root
Pi	root://eoslhcb.cern.ch//eos/lhcb/grid/prod/lhcb/anaprod/lhcb/LHCb/Collision25/PID_TURBOONLY_TUPLE.ROOT/00331960/0000/00331960_00000063_1.pid_turboonly_tuple.root	root://eoslhcb.cern.ch//eos/lhcb/wg/rta/WP4/PIDCalib2_sWeights/2025/MagUp/DstToD0Pi_D0ToKPi/s25c4/Pi/00331960_00000063_1.pid_turboonly_tuple_sweights.root
Pi	root://eoslhcb.cern.ch//eos/lhcb/grid/prod/lhcb/anaprod/lhcb/LHCb/Collision25/PID_TURBOONLY_TUPLE.ROOT/00331960/0000/00331960_00000064_1.pid_turboonly_tuple.root	root://eoslhcb.cern.ch//eos/lhcb/wg/rta/WP4/PIDCalib2_sWeights/2025/MagUp/DstToD0Pi_D0ToKPi/s25c4/Pi/00331960_00000064_1.pid_turboonly_tuple_sweights.root
Pi	root://eoslhcb.cern.ch//eos/lhcb/grid/prod/lhcb/anaprod/lhcb/LHCb/Collision25/PID_TURBOONLY_TUPLE.ROOT/00331960/0000/00331960_00000065_1.pid_turboonly_tuple.root	root://eoslhcb.cern.ch//eos/lhcb/wg/rta/WP4/PIDCalib2_sWeights/2025/MagUp/DstToD0Pi_D0ToKPi/s25c4/Pi/00331960_00000065_1.pid_turboonly_tuple_sweights.root
Pi	root://eoslhcb.cern.ch//eos/lhcb/grid/prod/lhcb/anaprod/lhcb/LHCb/Collision25/PID_TURBOONLY_TUPLE.ROOT/00331960/0000/00331960_00000066_1.pid_turboonly_tuple.root	root://eoslhcb.cern.ch//eos/lhcb/wg/rta/WP4/PIDCalib2_sWeights/2025/MagUp/DstToD0Pi_D0ToKPi/s25c4/Pi/00331960_00000066_1.pid_turboonly_tuple_sweights.root
Pi	root://eoslhcb.cern.ch//eos/lhcb/grid/prod/lhcb/anaprod/lhcb/LHCb/Collision25/PID_TURBOONLY_TUPLE.ROOT/00331960/0000/00331960_00000067_1.pid_turboonly_tuple.root	root://eoslhcb.cern.ch//eos/lhcb/wg/rta/WP4/PIDCalib2_sWeights/2025/MagUp/DstToD0Pi_D0ToKPi/s25c4/Pi/00331960_00000067_1.pid_turboonly_tuple_sweights.root
Pi	root://eoslhcb.cern.ch//eos/lhcb/grid/prod/lhcb/anaprod/lhcb/LHCb/Collision25/PID_TURBOONLY_TUPLE.ROOT/00331960/0000/00331960_00000068_1.pid_turboonly_tuple.root	root://eoslhcb.cern.ch//eos/lhcb/wg/rta/WP4/PIDCalib2_sWeights/2025/MagUp/DstToD0Pi_D0ToKPi/s25c4/Pi/00331960_00000068_1.pid_turboonly_tuple_sweights.root
Pi	root://eoslhcb.cern.ch//eos/lhcb/grid/prod/lhcb/anaprod/lhcb/LHCb/Collision25/PID_TURBOONLY_TUPLE.ROOT/00331960/0000/00331960_00000069_1.pid_turboonly_tuple.root	root://eoslhcb.cern.ch//eos/lhcb/wg/rta/WP4/PIDCalib2_sWeights/2025/MagUp/DstToD0Pi_D0ToKPi/s25c4/Pi/00331960_00000069_1.pid_turboonly_tuple_sweights.root
Pi	root://eoslhcb.cern.ch//eos/lhcb/grid/prod/lhcb/anaprod/lhcb/LHCb/Collision25/PID_TURBOONLY_TUPLE.ROOT/00331960/0000/00331960_00000070_1.pid_turboonly_tuple.root	root://eoslhcb.cern.ch//eos/lhcb/wg/rta/WP4/PIDCalib2_sWeights/2025/MagUp/DstToD0Pi_D0ToKPi/s25c4/Pi/00331960_00000070_1.pid_turboonly_tuple_sweights.root
Pi	root://eoslhcb.cern.ch//eos/lhcb/grid/prod/lhcb/anaprod/lhcb/LHCb/Collision25/PID_TURBOONLY_TUPLE.ROOT/00331960/0000/00331960_00000071_1.pid_turboonly_tuple.root	root://eoslhcb.cern.ch//eos/lhcb/wg/rta/WP4/PIDCalib2_sWeights/2025/MagUp/DstToD0Pi_D0ToKPi/s25c4/Pi/00331960_00000071_1.pid_turboonly_tuple_sweights.root
Pi	root://eoslhcb.cern.ch//eos/lhcb/grid/prod/lhcb/anaprod/lhcb/LHCb/Collision25/PID_TURBOONLY_TUPLE.ROOT/00331960/0000/00331960_00000072_1.pid_turboonly_tuple.root	root://eoslhcb.cern.ch//eos/lhcb/wg/rta/WP4/PIDCalib2_sWeights/2025/MagUp/DstToD0Pi_D0ToKPi/s25c4/Pi/00331960_00000072_1.pid_turboonly_tuple_sweights.root
Pi	root://eoslhcb.cern.ch//eos/lhcb/grid/prod/lhcb/anaprod/lhcb/LHCb/Collision25/PID_TURBOONLY_TUPLE.ROOT/00331960/0000/00331960_00000073_1.pid_turboonly_tuple.root	root://eoslhcb.cern.ch//eos/lhcb/wg/rta/WP4/PIDCalib2_sWeights/2025/MagUp/DstToD0Pi_D0ToKPi/s25c4/Pi/00331960_00000073_1.pid_turboonly_tuple_sweights.root
Pi	root://eoslhcb.cern.ch//eos/lhcb/grid/prod/lhcb/anaprod/lhcb/LHCb/Collision25/PID_TURBOONLY_TUPLE.ROOT/00331960/0000/00331960_00000074_1.pid_turboonly_tuple.root	root://eoslhcb.cern.ch//eos/lhcb/wg/rta/WP4/PIDCalib2_sWeights/2025/MagUp/DstToD0Pi_D0ToKPi/s25c4/Pi/00331960_00000074_1.pid_turboonly_tuple_sweights.root
Pi	root://eoslhcb.cern.ch//eos/lhcb/grid/prod/lhcb/anaprod/lhcb/LHCb/Collision25/PID_TURBOONLY_TUPLE.ROOT/00331960/0000/00331960_00000075_1.pid_turboonly_tuple.root	root://eoslhcb.cern.ch//eos/lhcb/wg/rta/WP4/PIDCalib2_sWeights/2025/MagUp/DstToD0Pi_D0ToKPi/s25c4/Pi/00331960_00000075_1.pid_turboonly_tuple_sweights.root
Pi	root://eoslhcb.cern.ch//eos/lhcb/grid/prod/lhcb/anaprod/lhcb/LHCb/Collision25/PID_TURBOONLY_TUPLE.ROOT/00331960/0000/00331960_00000076_1.pid_turboonly_tuple.root	root://eoslhcb.cern.ch//eos/lhcb/wg/rta/WP4/PIDCalib2_sWeights/2025/MagUp/DstToD0Pi_D0ToKPi/s25c4/Pi/00331960_00000076_1.pid_turboonly_tuple_sweights.root
Pi	root://eoslhcb.cern.ch//eos/lhcb/grid/prod/lhcb/anaprod/lhcb/LHCb/Collision25/PID_TURBOONLY_TUPLE.ROOT/00331960/0000/00331960_00000077_1.pid_turboonly_tuple.root	root://eoslhcb.cern.ch//eos/lhcb/wg/rta/WP4/PIDCalib2_sWeights/2025/MagUp/DstToD0Pi_D0ToKPi/s25c4/Pi/00331960_00000077_1.pid_turboonly_tuple_sweights.root
Pi	root://eoslhcb.cern.ch//eos/lhcb/grid/prod/lhcb/anaprod/lhcb/LHCb/Collision25/PID_TURBOONLY_TUPLE.ROOT/00331960/0000/00331960_00000078_1.pid_turboonly_tuple.root	root://eoslhcb.cern.ch//eos/lhcb/wg/rta/WP4/PIDCalib2_sWeights/2025/MagUp/DstToD0Pi_D0ToKPi/s25c4/Pi/00331960_00000078_1.pid_turboonly_tuple_sweights.root
Pi	root://eoslhcb.cern.ch//eos/lhcb/grid/prod/lhcb/anaprod/lhcb/LHCb/Collision25/PID_TURBOONLY_TUPLE.ROOT/00331960/0000/00331960_00000079_1.pid_turboonly_tuple.root	root://eoslhcb.cern.ch//eos/lhcb/wg/rta/WP4/PIDCalib2_sWeights/2025/MagUp/DstToD0Pi_D0ToKPi/s25c4/Pi/00331960_00000079_1.pid_turboonly_tuple_sweights.root
Pi	root://eoslhcb.cern.ch//eos/lhcb/grid/prod/lhcb/anaprod/lhcb/LHCb/Collision25/PID_TURBOONLY_TUPLE.ROOT/00331960/0000/00331960_00000080_1.pid_turboonly_tuple.root	root://eoslhcb.cern.ch//eos/lhcb/wg/rta/WP4/PIDCalib2_sWeights/2025/MagUp/DstToD0Pi_D0ToKPi/s25c4/Pi/00331960_00000080_1.pid_turboonly_tuple_sweights.root
Pi	root://eoslhcb.cern.ch//eos/lhcb/grid/prod/lhcb/anaprod/lhcb/LHCb/Collision25/PID_TURBOONLY_TUPLE.ROOT/00331960/0000/00331960_00000081_1.pid_turboonly_tuple.root	root://eoslhcb.cern.ch//eos/lhcb/wg/rta/WP4/PIDCalib2_sWeights/2025/MagUp/DstToD0Pi_D0ToKPi/s25c4/Pi/00331960_00000081_1.pid_turboonly_tuple_sweights.root
Pi	root://eoslhcb.cern.ch//eos/lhcb/grid/prod/lhcb/anaprod/lhcb/LHCb/Collision25/PID_TURBOONLY_TUPLE.ROOT/00331960/0000/00331960_00000082_1.pid_turboonly_tuple.root	root://eoslhcb.cern.ch//eos/lhcb/wg/rta/WP4/PIDCalib2_sWeights/2025/MagUp/DstToD0Pi_D0ToKPi/s25c4/Pi/00331960_00000082_1.pid_turboonly_tuple_sweights.root
Pi	root://eoslhcb.cern.ch//eos/lhcb/grid/prod/lhcb/anaprod/lhcb/LHCb/Collision25/PID_TURBOONLY_TUPLE.ROOT/00331960/0000/00331960_00000083_1.pid_turboonly_tuple.root	root://eoslhcb.cern.ch//eos/lhcb/wg/rta/WP4/PIDCalib2_sWeights/2025/MagUp/DstToD0Pi_D0ToKPi/s25c4/Pi/00331960_00000083_1.pid_turboonly_tuple_sweights.root
Pi	root://eoslhcb.cern.ch//eos/lhcb/grid/prod/lhcb/anaprod/lhcb/LHCb/Collision25/PID_TURBOONLY_TUPLE.ROOT/00331960/0000/00331960_00000084_1.pid_turboonly_tuple.root	root://eoslhcb.cern.ch//eos/lhcb/wg/rta/WP4/PIDCalib2_sWeights/2025/MagUp/DstToD0Pi_D0ToKPi/s25c4/Pi/00331960_00000084_1.pid_turboonly_tuple_sweights.root
Pi	root://eoslhcb.cern.ch//eos/lhcb/grid/prod/lhcb/anaprod/lhcb/LHCb/Collision25/PID_TURBOONLY_TUPLE.ROOT/00331960/0000/00331960_00000085_1.pid_turboonly_tuple.root	root://eoslhcb.cern.ch//eos/lhcb/wg/rta/WP4/PIDCalib2_sWeights/2025/MagUp/DstToD0Pi_D0ToKPi/s25c4/Pi/00331960_00000085_1.pid_turboonly_tuple_sweights.root
Pi	root://eoslhcb.cern.ch//eos/lhcb/grid/prod/lhcb/anaprod/lhcb/LHCb/Collision25/PID_TURBOONLY_TUPLE.ROOT/00331960/0000/00331960_00000086_1.pid_turboonly_tuple.root	root://eoslhcb.cern.ch//eos/lhcb/wg/rta/WP4/PIDCalib2_sWeights/2025/MagUp/DstToD0Pi_D0ToKPi/s25c4/Pi/00331960_00000086_1.pid_turboonly_tuple_sweights.root
Pi	root://eoslhcb.cern.ch//eos/lhcb/grid/prod/lhcb/anaprod/lhcb/LHCb/Collision25/PID_TURBOONLY_TUPLE.ROOT/00331960/0000/00331960_00000087_1.pid_turboonly_tuple.root	root://eoslhcb.cern.ch//eos/lhcb/wg/rta/WP4/PIDCalib2_sWeights/2025/MagUp/DstToD0Pi_D0ToKPi/s25c4/Pi/00331960_00000087_1.pid_turboonly_tuple_sweights.root
Pi	root://eoslhcb.cern.ch//eos/lhcb/grid/prod/lhcb/anaprod/lhcb/LHCb/Collision25/PID_TURBOONLY_TUPLE.ROOT/00331960/0000/00331960_00000088_1.pid_turboonly_tuple.root	root://eoslhcb.cern.ch//eos/lhcb/wg/rta/WP4/PIDCalib2_sWeights/2025/MagUp/DstToD0Pi_D0ToKPi/s25c4/Pi/00331960_00000088_1.pid_turboonly_tuple_sweights.root
Pi	root://eoslhcb.cern.ch//eos/lhcb/grid/prod/lhcb/anaprod/lhcb/LHCb/Collision25/PID_TURBOONLY_TUPLE.ROOT/00331960/0000/00331960_00000089_1.pid_turboonly_tuple.root	root://eoslhcb.cern.ch//eos/lhcb/wg/rta/WP4/PIDCalib2_sWeights/2025/MagUp/DstToD0Pi_D0ToKPi/s25c4/Pi/00331960_00000089_1.pid_turboonly_tuple_sweights.root
Pi	root://eoslhcb.cern.ch//eos/lhcb/grid/prod/lhcb/anaprod/lhcb/LHCb/Collision25/PID_TURBOONLY_TUPLE.ROOT/00331960/0000/00331960_00000090_1.pid_turboonly_tuple.root	root://eoslhcb.cern.ch//eos/lhcb/wg/rta/WP4/PIDCalib2_sWeights/2025/MagUp/DstToD0Pi_D0ToKPi/s25c4/Pi/00331960_00000090_1.pid_turboonly_tuple_sweights.root
Pi	root://eoslhcb.cern.ch//eos/lhcb/grid/prod/lhcb/anaprod/lhcb/LHCb/Collision25/PID_TURBOONLY_TUPLE.ROOT/00331960/0000/00331960_00000091_1.pid_turboonly_tuple.root	root://eoslhcb.cern.ch//eos/lhcb/wg/rta/WP4/PIDCalib2_sWeights/2025/MagUp/DstToD0Pi_D0ToKPi/s25c4/Pi/00331960_00000091_1.pid_turboonly_tuple_sweights.root
Pi	root://eoslhcb.cern.ch//eos/lhcb/grid/prod/lhcb/anaprod/lhcb/LHCb/Collision25/PID_TURBOONLY_TUPLE.ROOT/00331960/0000/00331960_00000092_1.pid_turboonly_tuple.root	root://eoslhcb.cern.ch//eos/lhcb/wg/rta/WP4/PIDCalib2_sWeights/2025/MagUp/DstToD0Pi_D0ToKPi/s25c4/Pi/00331960_00000092_1.pid_turboonly_tuple_sweights.root
Pi	root://eoslhcb.cern.ch//eos/lhcb/grid/prod/lhcb/anaprod/lhcb/LHCb/Collision25/PID_TURBOONLY_TUPLE.ROOT/00331960/0000/00331960_00000093_1.pid_turboonly_tuple.root	root://eoslhcb.cern.ch//eos/lhcb/wg/rta/WP4/PIDCalib2_sWeights/2025/MagUp/DstToD0Pi_D0ToKPi/s25c4/Pi/00331960_00000093_1.pid_turboonly_tuple_sweights.root
Pi	root://eoslhcb.cern.ch//eos/lhcb/grid/prod/lhcb/anaprod/lhcb/LHCb/Collision25/PID_TURBOONLY_TUPLE.ROOT/00331960/0000/00331960_00000094_1.pid_turboonly_tuple.root	root://eoslhcb.cern.ch//eos/lhcb/wg/rta/WP4/PIDCalib2_sWeights/2025/MagUp/DstToD0Pi_D0ToKPi/s25c4/Pi/00331960_00000094_1.pid_turboonly_tuple_sweights.root
Pi	root://eoslhcb.cern.ch//eos/lhcb/grid/prod/lhcb/anaprod/lhcb/LHCb/Collision25/PID_TURBOONLY_TUPLE.ROOT/00331960/0000/00331960_00000095_1.pid_turboonly_tuple.root	root://eoslhcb.cern.ch//eos/lhcb/wg/rta/WP4/PIDCalib2_sWeights/2025/MagUp/DstToD0Pi_D0ToKPi/s25c4/Pi/00331960_00000095_1.pid_turboonly_tuple_sweights.root
Pi	root://eoslhcb.cern.ch//eos/lhcb/grid/prod/lhcb/anaprod/lhcb/LHCb/Collision25/PID_TURBOONLY_TUPLE.ROOT/00331960/0000/00331960_00000096_1.pid_turboonly_tuple.root	root://eoslhcb.cern.ch//eos/lhcb/wg/rta/WP4/PIDCalib2_sWeights/2025/MagUp/DstToD0Pi_D0ToKPi/s25c4/Pi/00331960_00000096_1.pid_turboonly_tuple_sweights.root
Pi	root://eoslhcb.cern.ch//eos/lhcb/grid/prod/lhcb/anaprod/lhcb/LHCb/Collision25/PID_TURBOONLY_TUPLE.ROOT/00331960/0000/00331960_00000097_1.pid_turboonly_tuple.root	root://eoslhcb.cern.ch//eos/lhcb/wg/rta/WP4/PIDCalib2_sWeights/2025/MagUp/DstToD0Pi_D0ToKPi/s25c4/Pi/00331960_00000097_1.pid_turboonly_tuple_sweights.root
Pi	root://eoslhcb.cern.ch//eos/lhcb/grid/prod/lhcb/anaprod/lhcb/LHCb/Collision25/PID_TURBOONLY_TUPLE.ROOT/00331960/0000/00331960_00000098_1.pid_turboonly_tuple.root	root://eoslhcb.cern.ch//eos/lhcb/wg/rta/WP4/PIDCalib2_sWeights/2025/MagUp/DstToD0Pi_D0ToKPi/s25c4/Pi/00331960_00000098_1.pid_turboonly_tuple_sweights.root
Pi	root://eoslhcb.cern.ch//eos/lhcb/grid/prod/lhcb/anaprod/lhcb/LHCb/Collision25/PID_TURBOONLY_TUPLE.ROOT/00331960/0000/00331960_00000099_1.pid_turboonly_tuple.root	root://eoslhcb.cern.ch//eos/lhcb/wg/rta/WP4/PIDCalib2_sWeights/2025/MagUp/DstToD0Pi_D0ToKPi/s25c4/Pi/00331960_00000099_1.pid_turboonly_tuple_sweights.root
Pi	root://eoslhcb.cern.ch//eos/lhcb/grid/prod/lhcb/anaprod/lhcb/LHCb/Collision25/PID_TURBOONLY_TUPLE.ROOT/00331960/0000/00331960_00000100_1.pid_turboonly_tuple.root	root://eoslhcb.cern.ch//eos/lhcb/wg/rta/WP4/PIDCalib2_sWeights/2025/MagUp/DstToD0Pi_D0ToKPi/s25c4/Pi/00331960_00000100_1.pid_turboonly_tuple_sweights.root
Pi	root://eoslhcb.cern.ch//eos/lhcb/grid/prod/lhcb/anaprod/lhcb/LHCb/Collision25/PID_TURBOONLY_TUPLE.ROOT/00331960/0000/00331960_00000101_1.pid_turboonly_tuple.root	root://eoslhcb.cern.ch//eos/lhcb/wg/rta/WP4/PIDCalib2_sWeights/2025/MagUp/DstToD0Pi_D0ToKPi/s25c4/Pi/00331960_00000101_1.pid_turboonly_tuple_sweights.root
Pi	root://eoslhcb.cern.ch//eos/lhcb/grid/prod/lhcb/anaprod/lhcb/LHCb/Collision25/PID_TURBOONLY_TUPLE.ROOT/00331960/0000/00331960_00000102_1.pid_turboonly_tuple.root	root://eoslhcb.cern.ch//eos/lhcb/wg/rta/WP4/PIDCalib2_sWeights/2025/MagUp/DstToD0Pi_D0ToKPi/s25c4/Pi/00331960_00000102_1.pid_turboonly_tuple_sweights.root
Pi	root://eoslhcb.cern.ch//eos/lhcb/grid/prod/lhcb/anaprod/lhcb/LHCb/Collision25/PID_TURBOONLY_TUPLE.ROOT/00331960/0000/00331960_00000103_1.pid_turboonly_tuple.root	root://eoslhcb.cern.ch//eos/lhcb/wg/rta/WP4/PIDCalib2_sWeights/2025/MagUp/DstToD0Pi_D0ToKPi/s25c4/Pi/00331960_00000103_1.pid_turboonly_tuple_sweights.root
Pi	root://eoslhcb.cern.ch//eos/lhcb/grid/prod/lhcb/anaprod/lhcb/LHCb/Collision25/PID_TURBOONLY_TUPLE.ROOT/00331960/0000/00331960_00000104_1.pid_turboonly_tuple.root	root://eoslhcb.cern.ch//eos/lhcb/wg/rta/WP4/PIDCalib2_sWeights/2025/MagUp/DstToD0Pi_D0ToKPi/s25c4/Pi/00331960_00000104_1.pid_turboonly_tuple_sweights.root
Pi	root://eoslhcb.cern.ch//eos/lhcb/grid/prod/lhcb/anaprod/lhcb/LHCb/Collision25/PID_TURBOONLY_TUPLE.ROOT/00331960/0000/00331960_00000105_1.pid_turboonly_tuple.root	root://eoslhcb.cern.ch//eos/lhcb/wg/rta/WP4/PIDCalib2_sWeights/2025/MagUp/DstToD0Pi_D0ToKPi/s25c4/Pi/00331960_00000105_1.pid_turboonly_tuple_sweights.root
Pi	root://eoslhcb.cern.ch//eos/lhcb/grid/prod/lhcb/anaprod/lhcb/LHCb/Collision25/PID_TURBOONLY_TUPLE.ROOT/00331960/0000/00331960_00000106_1.pid_turboonly_tuple.root	root://eoslhcb.cern.ch//eos/lhcb/wg/rta/WP4/PIDCalib2_sWeights/2025/MagUp/DstToD0Pi_D0ToKPi/s25c4/Pi/00331960_00000106_1.pid_turboonly_tuple_sweights.root
Pi	root://eoslhcb.cern.ch//eos/lhcb/grid/prod/lhcb/anaprod/lhcb/LHCb/Collision25/PID_TURBOONLY_TUPLE.ROOT/00331960/0000/00331960_00000107_1.pid_turboonly_tuple.root	root://eoslhcb.cern.ch//eos/lhcb/wg/rta/WP4/PIDCalib2_sWeights/2025/MagUp/DstToD0Pi_D0ToKPi/s25c4/Pi/00331960_00000107_1.pid_turboonly_tuple_sweights.root
Pi	root://eoslhcb.cern.ch//eos/lhcb/grid/prod/lhcb/anaprod/lhcb/LHCb/Collision25/PID_TURBOONLY_TUPLE.ROOT/00331960/0000/00331960_00000108_1.pid_turboonly_tuple.root	root://eoslhcb.cern.ch//eos/lhcb/wg/rta/WP4/PIDCalib2_sWeights/2025/MagUp/DstToD0Pi_D0ToKPi/s25c4/Pi/00331960_00000108_1.pid_turboonly_tuple_sweights.root
Pi	root://eoslhcb.cern.ch//eos/lhcb/grid/prod/lhcb/anaprod/lhcb/LHCb/Collision25/PID_TURBOONLY_TUPLE.ROOT/00331960/0000/00331960_00000109_1.pid_turboonly_tuple.root	root://eoslhcb.cern.ch//eos/lhcb/wg/rta/WP4/PIDCalib2_sWeights/2025/MagUp/DstToD0Pi_D0ToKPi/s25c4/Pi/00331960_00000109_1.pid_turboonly_tuple_sweights.root
Pi	root://eoslhcb.cern.ch//eos/lhcb/grid/prod/lhcb/anaprod/lhcb/LHCb/Collision25/PID_TURBOONLY_TUPLE.ROOT/00331960/0000/00331960_00000110_1.pid_turboonly_tuple.root	root://eoslhcb.cern.ch//eos/lhcb/wg/rta/WP4/PIDCalib2_sWeights/2025/MagUp/DstToD0Pi_D0ToKPi/s25c4/Pi/00331960_00000110_1.pid_turboonly_tuple_sweights.root
Pi	root://eoslhcb.cern.ch//eos/lhcb/grid/prod/lhcb/anaprod/lhcb/LHCb/Collision25/PID_TURBOONLY_TUPLE.ROOT/00331960/0000/00331960_00000111_1.pid_turboonly_tuple.root	root://eoslhcb.cern.ch//eos/lhcb/wg/rta/WP4/PIDCalib2_sWeights/2025/MagUp/DstToD0Pi_D0ToKPi/s25c4/Pi/00331960_00000111_1.pid_turboonly_tuple_sweights.root
Pi	root://eoslhcb.cern.ch//eos/lhcb/grid/prod/lhcb/anaprod/lhcb/LHCb/Collision25/PID_TURBOONLY_TUPLE.ROOT/00331960/0000/00331960_00000112_1.pid_turboonly_tuple.root	root://eoslhcb.cern.ch//eos/lhcb/wg/rta/WP4/PIDCalib2_sWeights/2025/MagUp/DstToD0Pi_D0ToKPi/s25c4/Pi/00331960_00000112_1.pid_turboonly_tuple_sweights.root
Pi	root://eoslhcb.cern.ch//eos/lhcb/grid/prod/lhcb/anaprod/lhcb/LHCb/Collision25/PID_TURBOONLY_TUPLE.ROOT/00331960/0000/00331960_00000113_1.pid_turboonly_tuple.root	root://eoslhcb.cern.ch//eos/lhcb/wg/rta/WP4/PIDCalib2_sWeights/2025/MagUp/DstToD0Pi_D0ToKPi/s25c4/Pi/00331960_00000113_1.pid_turboonly_tuple_sweights.root
Pi	root://eoslhcb.cern.ch//eos/lhcb/grid/prod/lhcb/anaprod/lhcb/LHCb/Collision25/PID_TURBOONLY_TUPLE.ROOT/00331960/0000/00331960_00000114_1.pid_turboonly_tuple.root	root://eoslhcb.cern.ch//eos/lhcb/wg/rta/WP4/PIDCalib2_sWeights/2025/MagUp/DstToD0Pi_D0ToKPi/s25c4/Pi/00331960_00000114_1.pid_turboonly_tuple_sweights.root
Pi	root://eoslhcb.cern.ch//eos/lhcb/grid/prod/lhcb/anaprod/lhcb/LHCb/Collision25/PID_TURBOONLY_TUPLE.ROOT/00331960/0000/00331960_00000115_1.pid_turboonly_tuple.root	root://eoslhcb.cern.ch//eos/lhcb/wg/rta/WP4/PIDCalib2_sWeights/2025/MagUp/DstToD0Pi_D0ToKPi/s25c4/Pi/00331960_00000115_1.pid_turboonly_tuple_sweights.root
Pi	root://eoslhcb.cern.ch//eos/lhcb/grid/prod/lhcb/anaprod/lhcb/LHCb/Collision25/PID_TURBOONLY_TUPLE.ROOT/00331960/0000/00331960_00000116_1.pid_turboonly_tuple.root	root://eoslhcb.cern.ch//eos/lhcb/wg/rta/WP4/PIDCalib2_sWeights/2025/MagUp/DstToD0Pi_D0ToKPi/s25c4/Pi/00331960_00000116_1.pid_turboonly_tuple_sweights.root
Pi	root://eoslhcb.cern.ch//eos/lhcb/grid/prod/lhcb/anaprod/lhcb/LHCb/Collision25/PID_TURBOONLY_TUPLE.ROOT/00331960/0000/00331960_00000117_1.pid_turboonly_tuple.root	root://eoslhcb.cern.ch//eos/lhcb/wg/rta/WP4/PIDCalib2_sWeights/2025/MagUp/DstToD0Pi_D0ToKPi/s25c4/Pi/00331960_00000117_1.pid_turboonly_tuple_sweights.root
Pi	root://eoslhcb.cern.ch//eos/lhcb/grid/prod/lhcb/anaprod/lhcb/LHCb/Collision25/PID_TURBOONLY_TUPLE.ROOT/00331960/0000/00331960_00000118_1.pid_turboonly_tuple.root	root://eoslhcb.cern.ch//eos/lhcb/wg/rta/WP4/PIDCalib2_sWeights/2025/MagUp/DstToD0Pi_D0ToKPi/s25c4/Pi/00331960_00000118_1.pid_turboonly_tuple_sweights.root
Pi	root://eoslhcb.cern.ch//eos/lhcb/grid/prod/lhcb/anaprod/lhcb/LHCb/Collision25/PID_TURBOONLY_TUPLE.ROOT/00331960/0000/00331960_00000119_1.pid_turboonly_tuple.root	root://eoslhcb.cern.ch//eos/lhcb/wg/rta/WP4/PIDCalib2_sWeights/2025/MagUp/DstToD0Pi_D0ToKPi/s25c4/Pi/00331960_00000119_1.pid_turboonly_tuple_sweights.root
Pi	root://eoslhcb.cern.ch//eos/lhcb/grid/prod/lhcb/anaprod/lhcb/LHCb/Collision25/PID_TURBOONLY_TUPLE.ROOT/00331960/0000/00331960_00000120_1.pid_turboonly_tuple.root	root://eoslhcb.cern.ch//eos/lhcb/wg/rta/WP4/PIDCalib2_sWeights/2025/MagUp/DstToD0Pi_D0ToKPi/s25c4/Pi/00331960_00000120_1.pid_turboonly_tuple_sweights.root
Pi	root://eoslhcb.cern.ch//eos/lhcb/grid/prod/lhcb/anaprod/lhcb/LHCb/Collision25/PID_TURBOONLY_TUPLE.ROOT/00331960/0000/00331960_00000121_1.pid_turboonly_tuple.root	root://eoslhcb.cern.ch//eos/lhcb/wg/rta/WP4/PIDCalib2_sWeights/2025/MagUp/DstToD0Pi_D0ToKPi/s25c4/Pi/00331960_00000121_1.pid_turboonly_tuple_sweights.root
Pi	root://eoslhcb.cern.ch//eos/lhcb/grid/prod/lhcb/anaprod/lhcb/LHCb/Collision25/PID_TURBOONLY_TUPLE.ROOT/00331960/0000/00331960_00000122_1.pid_turboonly_tuple.root	root://eoslhcb.cern.ch//eos/lhcb/wg/rta/WP4/PIDCalib2_sWeights/2025/MagUp/DstToD0Pi_D0ToKPi/s25c4/Pi/00331960_00000122_1.pid_turboonly_tuple_sweights.root
Pi	root://eoslhcb.cern.ch//eos/lhcb/grid/prod/lhcb/anaprod/lhcb/LHCb/Collision25/PID_TURBOONLY_TUPLE.ROOT/00331960/0000/00331960_00000123_1.pid_turboonly_tuple.root	root://eoslhcb.cern.ch//eos/lhcb/wg/rta/WP4/PIDCalib2_sWeights/2025/MagUp/DstToD0Pi_D0ToKPi/s25c4/Pi/00331960_00000123_1.pid_turboonly_tuple_sweights.root
Pi	root://eoslhcb.cern.ch//eos/lhcb/grid/prod/lhcb/anaprod/lhcb/LHCb/Collision25/PID_TURBOONLY_TUPLE.ROOT/00331960/0000/00331960_00000124_1.pid_turboonly_tuple.root	root://eoslhcb.cern.ch//eos/lhcb/wg/rta/WP4/PIDCalib2_sWeights/2025/MagUp/DstToD0Pi_D0ToKPi/s25c4/Pi/00331960_00000124_1.pid_turboonly_tuple_sweights.root
Pi	root://eoslhcb.cern.ch//eos/lhcb/grid/prod/lhcb/anaprod/lhcb/LHCb/Collision25/PID_TURBOONLY_TUPLE.ROOT/00331960/0000/00331960_00000125_1.pid_turboonly_tuple.root	root://eoslhcb.cern.ch//eos/lhcb/wg/rta/WP4/PIDCalib2_sWeights/2025/MagUp/DstToD0Pi_D0ToKPi/s25c4/Pi/00331960_00000125_1.pid_turboonly_tuple_sweights.root
Pi	root://eoslhcb.cern.ch//eos/lhcb/grid/prod/lhcb/anaprod/lhcb/LHCb/Collision25/PID_TURBOONLY_TUPLE.ROOT/00331960/0000/00331960_00000126_1.pid_turboonly_tuple.root	root://eoslhcb.cern.ch//eos/lhcb/wg/rta/WP4/PIDCalib2_sWeights/2025/MagUp/DstToD0Pi_D0ToKPi/s25c4/Pi/00331960_00000126_1.pid_turboonly_tuple_sweights.root
Pi	root://eoslhcb.cern.ch//eos/lhcb/grid/prod/lhcb/anaprod/lhcb/LHCb/Collision25/PID_TURBOONLY_TUPLE.ROOT/00331960/0000/00331960_00000127_1.pid_turboonly_tuple.root	root://eoslhcb.cern.ch//eos/lhcb/wg/rta/WP4/PIDCalib2_sWeights/2025/MagUp/DstToD0Pi_D0ToKPi/s25c4/Pi/00331960_00000127_1.pid_turboonly_tuple_sweights.root
Pi	root://eoslhcb.cern.ch//eos/lhcb/grid/prod/lhcb/anaprod/lhcb/LHCb/Collision25/PID_TURBOONLY_TUPLE.ROOT/00331960/0000/00331960_00000128_1.pid_turboonly_tuple.root	root://eoslhcb.cern.ch//eos/lhcb/wg/rta/WP4/PIDCalib2_sWeights/2025/MagUp/DstToD0Pi_D0ToKPi/s25c4/Pi/00331960_00000128_1.pid_turboonly_tuple_sweights.root
Pi	root://eoslhcb.cern.ch//eos/lhcb/grid/prod/lhcb/anaprod/lhcb/LHCb/Collision25/PID_TURBOONLY_TUPLE.ROOT/00331960/0000/00331960_00000129_1.pid_turboonly_tuple.root	root://eoslhcb.cern.ch//eos/lhcb/wg/rta/WP4/PIDCalib2_sWeights/2025/MagUp/DstToD0Pi_D0ToKPi/s25c4/Pi/00331960_00000129_1.pid_turboonly_tuple_sweights.root
Pi	root://eoslhcb.cern.ch//eos/lhcb/grid/prod/lhcb/anaprod/lhcb/LHCb/Collision25/PID_TURBOONLY_TUPLE.ROOT/00331960/0000/00331960_00000130_1.pid_turboonly_tuple.root	root://eoslhcb.cern.ch//eos/lhcb/wg/rta/WP4/PIDCalib2_sWeights/2025/MagUp/DstToD0Pi_D0ToKPi/s25c4/Pi/00331960_00000130_1.pid_turboonly_tuple_sweights.root
Pi	root://eoslhcb.cern.ch//eos/lhcb/grid/prod/lhcb/anaprod/lhcb/LHCb/Collision25/PID_TURBOONLY_TUPLE.ROOT/00331960/0000/00331960_00000131_1.pid_turboonly_tuple.root	root://eoslhcb.cern.ch//eos/lhcb/wg/rta/WP4/PIDCalib2_sWeights/2025/MagUp/DstToD0Pi_D0ToKPi/s25c4/Pi/00331960_00000131_1.pid_turboonly_tuple_sweights.root
Pi	root://eoslhcb.cern.ch//eos/lhcb/grid/prod/lhcb/anaprod/lhcb/LHCb/Collision25/PID_TURBOONLY_TUPLE.ROOT/00331960/0000/00331960_00000132_1.pid_turboonly_tuple.root	root://eoslhcb.cern.ch//eos/lhcb/wg/rta/WP4/PIDCalib2_sWeights/2025/MagUp/DstToD0Pi_D0ToKPi/s25c4/Pi/00331960_00000132_1.pid_turboonly_tuple_sweights.root
Pi	root://eoslhcb.cern.ch//eos/lhcb/grid/prod/lhcb/anaprod/lhcb/LHCb/Collision25/PID_TURBOONLY_TUPLE.ROOT/00331960/0000/00331960_00000133_1.pid_turboonly_tuple.root	root://eoslhcb.cern.ch//eos/lhcb/wg/rta/WP4/PIDCalib2_sWeights/2025/MagUp/DstToD0Pi_D0ToKPi/s25c4/Pi/00331960_00000133_1.pid_turboonly_tuple_sweights.root
Pi	root://eoslhcb.cern.ch//eos/lhcb/grid/prod/lhcb/anaprod/lhcb/LHCb/Collision25/PID_TURBOONLY_TUPLE.ROOT/00331960/0000/00331960_00000134_1.pid_turboonly_tuple.root	root://eoslhcb.cern.ch//eos/lhcb/wg/rta/WP4/PIDCalib2_sWeights/2025/MagUp/DstToD0Pi_D0ToKPi/s25c4/Pi/00331960_00000134_1.pid_turboonly_tuple_sweights.root
Pi	root://eoslhcb.cern.ch//eos/lhcb/grid/prod/lhcb/anaprod/lhcb/LHCb/Collision25/PID_TURBOONLY_TUPLE.ROOT/00331960/0000/00331960_00000135_1.pid_turboonly_tuple.root	root://eoslhcb.cern.ch//eos/lhcb/wg/rta/WP4/PIDCalib2_sWeights/2025/MagUp/DstToD0Pi_D0ToKPi/s25c4/Pi/00331960_00000135_1.pid_turboonly_tuple_sweights.root
Pi	root://eoslhcb.cern.ch//eos/lhcb/grid/prod/lhcb/anaprod/lhcb/LHCb/Collision25/PID_TURBOONLY_TUPLE.ROOT/00331960/0000/00331960_00000136_1.pid_turboonly_tuple.root	root://eoslhcb.cern.ch//eos/lhcb/wg/rta/WP4/PIDCalib2_sWeights/2025/MagUp/DstToD0Pi_D0ToKPi/s25c4/Pi/00331960_00000136_1.pid_turboonly_tuple_sweights.root
Pi	root://eoslhcb.cern.ch//eos/lhcb/grid/prod/lhcb/anaprod/lhcb/LHCb/Collision25/PID_TURBOONLY_TUPLE.ROOT/00331960/0000/00331960_00000137_1.pid_turboonly_tuple.root	root://eoslhcb.cern.ch//eos/lhcb/wg/rta/WP4/PIDCalib2_sWeights/2025/MagUp/DstToD0Pi_D0ToKPi/s25c4/Pi/00331960_00000137_1.pid_turboonly_tuple_sweights.root
Pi	root://eoslhcb.cern.ch//eos/lhcb/grid/prod/lhcb/anaprod/lhcb/LHCb/Collision25/PID_TURBOONLY_TUPLE.ROOT/00331960/0000/00331960_00000138_1.pid_turboonly_tuple.root	root://eoslhcb.cern.ch//eos/lhcb/wg/rta/WP4/PIDCalib2_sWeights/2025/MagUp/DstToD0Pi_D0ToKPi/s25c4/Pi/00331960_00000138_1.pid_turboonly_tuple_sweights.root
Pi	root://eoslhcb.cern.ch//eos/lhcb/grid/prod/lhcb/anaprod/lhcb/LHCb/Collision25/PID_TURBOONLY_TUPLE.ROOT/00331960/0000/00331960_00000139_1.pid_turboonly_tuple.root	root://eoslhcb.cern.ch//eos/lhcb/wg/rta/WP4/PIDCalib2_sWeights/2025/MagUp/DstToD0Pi_D0ToKPi/s25c4/Pi/00331960_00000139_1.pid_turboonly_tuple_sweights.root
Pi	root://eoslhcb.cern.ch//eos/lhcb/grid/prod/lhcb/anaprod/lhcb/LHCb/Collision25/PID_TURBOONLY_TUPLE.ROOT/00331960/0000/00331960_00000140_1.pid_turboonly_tuple.root	root://eoslhcb.cern.ch//eos/lhcb/wg/rta/WP4/PIDCalib2_sWeights/2025/MagUp/DstToD0Pi_D0ToKPi/s25c4/Pi/00331960_00000140_1.pid_turboonly_tuple_sweights.root
Pi	root://eoslhcb.cern.ch//eos/lhcb/grid/prod/lhcb/anaprod/lhcb/LHCb/Collision25/PID_TURBOONLY_TUPLE.ROOT/00331960/0000/00331960_00000141_1.pid_turboonly_tuple.root	root://eoslhcb.cern.ch//eos/lhcb/wg/rta/WP4/PIDCalib2_sWeights/2025/MagUp/DstToD0Pi_D0ToKPi/s25c4/Pi/00331960_00000141_1.pid_turboonly_tuple_sweights.root
Pi	root://eoslhcb.cern.ch//eos/lhcb/grid/prod/lhcb/anaprod/lhcb/LHCb/Collision25/PID_TURBOONLY_TUPLE.ROOT/00331960/0000/00331960_00000142_1.pid_turboonly_tuple.root	root://eoslhcb.cern.ch//eos/lhcb/wg/rta/WP4/PIDCalib2_sWeights/2025/MagUp/DstToD0Pi_D0ToKPi/s25c4/Pi/00331960_00000142_1.pid_turboonly_tuple_sweights.root
Pi	root://eoslhcb.cern.ch//eos/lhcb/grid/prod/lhcb/anaprod/lhcb/LHCb/Collision25/PID_TURBOONLY_TUPLE.ROOT/00331960/0000/00331960_00000143_1.pid_turboonly_tuple.root	root://eoslhcb.cern.ch//eos/lhcb/wg/rta/WP4/PIDCalib2_sWeights/2025/MagUp/DstToD0Pi_D0ToKPi/s25c4/Pi/00331960_00000143_1.pid_turboonly_tuple_sweights.root
Pi	root://eoslhcb.cern.ch//eos/lhcb/grid/prod/lhcb/anaprod/lhcb/LHCb/Collision25/PID_TURBOONLY_TUPLE.ROOT/00331960/0000/00331960_00000144_1.pid_turboonly_tuple.root	root://eoslhcb.cern.ch//eos/lhcb/wg/rta/WP4/PIDCalib2_sWeights/2025/MagUp/DstToD0Pi_D0ToKPi/s25c4/Pi/00331960_00000144_1.pid_turboonly_tuple_sweights.root
Pi	root://eoslhcb.cern.ch//eos/lhcb/grid/prod/lhcb/anaprod/lhcb/LHCb/Collision25/PID_TURBOONLY_TUPLE.ROOT/00331960/0000/00331960_00000145_1.pid_turboonly_tuple.root	root://eoslhcb.cern.ch//eos/lhcb/wg/rta/WP4/PIDCalib2_sWeights/2025/MagUp/DstToD0Pi_D0ToKPi/s25c4/Pi/00331960_00000145_1.pid_turboonly_tuple_sweights.root
Pi	root://eoslhcb.cern.ch//eos/lhcb/grid/prod/lhcb/anaprod/lhcb/LHCb/Collision25/PID_TURBOONLY_TUPLE.ROOT/00331960/0000/00331960_00000146_1.pid_turboonly_tuple.root	root://eoslhcb.cern.ch//eos/lhcb/wg/rta/WP4/PIDCalib2_sWeights/2025/MagUp/DstToD0Pi_D0ToKPi/s25c4/Pi/00331960_00000146_1.pid_turboonly_tuple_sweights.root
Pi	root://eoslhcb.cern.ch//eos/lhcb/grid/prod/lhcb/anaprod/lhcb/LHCb/Collision25/PID_TURBOONLY_TUPLE.ROOT/00331960/0000/00331960_00000147_1.pid_turboonly_tuple.root	root://eoslhcb.cern.ch//eos/lhcb/wg/rta/WP4/PIDCalib2_sWeights/2025/MagUp/DstToD0Pi_D0ToKPi/s25c4/Pi/00331960_00000147_1.pid_turboonly_tuple_sweights.root
Pi	root://eoslhcb.cern.ch//eos/lhcb/grid/prod/lhcb/anaprod/lhcb/LHCb/Collision25/PID_TURBOONLY_TUPLE.ROOT/00331960/0000/00331960_00000148_1.pid_turboonly_tuple.root	root://eoslhcb.cern.ch//eos/lhcb/wg/rta/WP4/PIDCalib2_sWeights/2025/MagUp/DstToD0Pi_D0ToKPi/s25c4/Pi/00331960_00000148_1.pid_turboonly_tuple_sweights.root
Pi	root://eoslhcb.cern.ch//eos/lhcb/grid/prod/lhcb/anaprod/lhcb/LHCb/Collision25/PID_TURBOONLY_TUPLE.ROOT/00331960/0000/00331960_00000149_1.pid_turboonly_tuple.root	root://eoslhcb.cern.ch//eos/lhcb/wg/rta/WP4/PIDCalib2_sWeights/2025/MagUp/DstToD0Pi_D0ToKPi/s25c4/Pi/00331960_00000149_1.pid_turboonly_tuple_sweights.root
Pi	root://eoslhcb.cern.ch//eos/lhcb/grid/prod/lhcb/anaprod/lhcb/LHCb/Collision25/PID_TURBOONLY_TUPLE.ROOT/00331960/0000/00331960_00000150_1.pid_turboonly_tuple.root	root://eoslhcb.cern.ch//eos/lhcb/wg/rta/WP4/PIDCalib2_sWeights/2025/MagUp/DstToD0Pi_D0ToKPi/s25c4/Pi/00331960_00000150_1.pid_turboonly_tuple_sweights.root
Pi	root://eoslhcb.cern.ch//eos/lhcb/grid/prod/lhcb/anaprod/lhcb/LHCb/Collision25/PID_TURBOONLY_TUPLE.ROOT/00331960/0000/00331960_00000151_1.pid_turboonly_tuple.root	root://eoslhcb.cern.ch//eos/lhcb/wg/rta/WP4/PIDCalib2_sWeights/2025/MagUp/DstToD0Pi_D0ToKPi/s25c4/Pi/00331960_00000151_1.pid_turboonly_tuple_sweights.root
Pi	root://eoslhcb.cern.ch//eos/lhcb/grid/prod/lhcb/anaprod/lhcb/LHCb/Collision25/PID_TURBOONLY_TUPLE.ROOT/00331960/0000/00331960_00000152_1.pid_turboonly_tuple.root	root://eoslhcb.cern.ch//eos/lhcb/wg/rta/WP4/PIDCalib2_sWeights/2025/MagUp/DstToD0Pi_D0ToKPi/s25c4/Pi/00331960_00000152_1.pid_turboonly_tuple_sweights.root
Pi	root://eoslhcb.cern.ch//eos/lhcb/grid/prod/lhcb/anaprod/lhcb/LHCb/Collision25/PID_TURBOONLY_TUPLE.ROOT/00331960/0000/00331960_00000153_1.pid_turboonly_tuple.root	root://eoslhcb.cern.ch//eos/lhcb/wg/rta/WP4/PIDCalib2_sWeights/2025/MagUp/DstToD0Pi_D0ToKPi/s25c4/Pi/00331960_00000153_1.pid_turboonly_tuple_sweights.root
Pi	root://eoslhcb.cern.ch//eos/lhcb/grid/prod/lhcb/anaprod/lhcb/LHCb/Collision25/PID_TURBOONLY_TUPLE.ROOT/00331960/0000/00331960_00000154_1.pid_turboonly_tuple.root	root://eoslhcb.cern.ch//eos/lhcb/wg/rta/WP4/PIDCalib2_sWeights/2025/MagUp/DstToD0Pi_D0ToKPi/s25c4/Pi/00331960_00000154_1.pid_turboonly_tuple_sweights.root
Pi	root://eoslhcb.cern.ch//eos/lhcb/grid/prod/lhcb/anaprod/lhcb/LHCb/Collision25/PID_TURBOONLY_TUPLE.ROOT/00331960/0000/00331960_00000155_1.pid_turboonly_tuple.root	root://eoslhcb.cern.ch//eos/lhcb/wg/rta/WP4/PIDCalib2_sWeights/2025/MagUp/DstToD0Pi_D0ToKPi/s25c4/Pi/00331960_00000155_1.pid_turboonly_tuple_sweights.root
Pi	root://eoslhcb.cern.ch//eos/lhcb/grid/prod/lhcb/anaprod/lhcb/LHCb/Collision25/PID_TURBOONLY_TUPLE.ROOT/00331960/0000/00331960_00000156_1.pid_turboonly_tuple.root	root://eoslhcb.cern.ch//eos/lhcb/wg/rta/WP4/PIDCalib2_sWeights/2025/MagUp/DstToD0Pi_D0ToKPi/s25c4/Pi/00331960_00000156_1.pid_turboonly_tuple_sweights.root
Pi	root://eoslhcb.cern.ch//eos/lhcb/grid/prod/lhcb/anaprod/lhcb/LHCb/Collision25/PID_TURBOONLY_TUPLE.ROOT/00331960/0000/00331960_00000157_1.pid_turboonly_tuple.root	root://eoslhcb.cern.ch//eos/lhcb/wg/rta/WP4/PIDCalib2_sWeights/2025/MagUp/DstToD0Pi_D0ToKPi/s25c4/Pi/00331960_00000157_1.pid_turboonly_tuple_sweights.root
Pi	root://eoslhcb.cern.ch//eos/lhcb/grid/prod/lhcb/anaprod/lhcb/LHCb/Collision25/PID_TURBOONLY_TUPLE.ROOT/00331960/0000/00331960_00000158_1.pid_turboonly_tuple.root	root://eoslhcb.cern.ch//eos/lhcb/wg/rta/WP4/PIDCalib2_sWeights/2025/MagUp/DstToD0Pi_D0ToKPi/s25c4/Pi/00331960_00000158_1.pid_turboonly_tuple_sweights.root
Pi	root://eoslhcb.cern.ch//eos/lhcb/grid/prod/lhcb/anaprod/lhcb/LHCb/Collision25/PID_TURBOONLY_TUPLE.ROOT/00331960/0000/00331960_00000159_1.pid_turboonly_tuple.root	root://eoslhcb.cern.ch//eos/lhcb/wg/rta/WP4/PIDCalib2_sWeights/2025/MagUp/DstToD0Pi_D0ToKPi/s25c4/Pi/00331960_00000159_1.pid_turboonly_tuple_sweights.root
Pi	root://eoslhcb.cern.ch//eos/lhcb/grid/prod/lhcb/anaprod/lhcb/LHCb/Collision25/PID_TURBOONLY_TUPLE.ROOT/00331960/0000/00331960_00000160_1.pid_turboonly_tuple.root	root://eoslhcb.cern.ch//eos/lhcb/wg/rta/WP4/PIDCalib2_sWeights/2025/MagUp/DstToD0Pi_D0ToKPi/s25c4/Pi/00331960_00000160_1.pid_turboonly_tuple_sweights.root
Pi	root://eoslhcb.cern.ch//eos/lhcb/grid/prod/lhcb/anaprod/lhcb/LHCb/Collision25/PID_TURBOONLY_TUPLE.ROOT/00331960/0000/00331960_00000161_1.pid_turboonly_tuple.root	root://eoslhcb.cern.ch//eos/lhcb/wg/rta/WP4/PIDCalib2_sWeights/2025/MagUp/DstToD0Pi_D0ToKPi/s25c4/Pi/00331960_00000161_1.pid_turboonly_tuple_sweights.root
Pi	root://eoslhcb.cern.ch//eos/lhcb/grid/prod/lhcb/anaprod/lhcb/LHCb/Collision25/PID_TURBOONLY_TUPLE.ROOT/00331960/0000/00331960_00000162_1.pid_turboonly_tuple.root	root://eoslhcb.cern.ch//eos/lhcb/wg/rta/WP4/PIDCalib2_sWeights/2025/MagUp/DstToD0Pi_D0ToKPi/s25c4/Pi/00331960_00000162_1.pid_turboonly_tuple_sweights.root
Pi	root://eoslhcb.cern.ch//eos/lhcb/grid/prod/lhcb/anaprod/lhcb/LHCb/Collision25/PID_TURBOONLY_TUPLE.ROOT/00331960/0000/00331960_00000163_1.pid_turboonly_tuple.root	root://eoslhcb.cern.ch//eos/lhcb/wg/rta/WP4/PIDCalib2_sWeights/2025/MagUp/DstToD0Pi_D0ToKPi/s25c4/Pi/00331960_00000163_1.pid_turboonly_tuple_sweights.root
Pi	root://eoslhcb.cern.ch//eos/lhcb/grid/prod/lhcb/anaprod/lhcb/LHCb/Collision25/PID_TURBOONLY_TUPLE.ROOT/00331960/0000/00331960_00000164_1.pid_turboonly_tuple.root	root://eoslhcb.cern.ch//eos/lhcb/wg/rta/WP4/PIDCalib2_sWeights/2025/MagUp/DstToD0Pi_D0ToKPi/s25c4/Pi/00331960_00000164_1.pid_turboonly_tuple_sweights.root
Pi	root://eoslhcb.cern.ch//eos/lhcb/grid/prod/lhcb/anaprod/lhcb/LHCb/Collision25/PID_TURBOONLY_TUPLE.ROOT/00331960/0000/00331960_00000165_1.pid_turboonly_tuple.root	root://eoslhcb.cern.ch//eos/lhcb/wg/rta/WP4/PIDCalib2_sWeights/2025/MagUp/DstToD0Pi_D0ToKPi/s25c4/Pi/00331960_00000165_1.pid_turboonly_tuple_sweights.root
Pi	root://eoslhcb.cern.ch//eos/lhcb/grid/prod/lhcb/anaprod/lhcb/LHCb/Collision25/PID_TURBOONLY_TUPLE.ROOT/00331960/0000/00331960_00000166_1.pid_turboonly_tuple.root	root://eoslhcb.cern.ch//eos/lhcb/wg/rta/WP4/PIDCalib2_sWeights/2025/MagUp/DstToD0Pi_D0ToKPi/s25c4/Pi/00331960_00000166_1.pid_turboonly_tuple_sweights.root
Pi	root://eoslhcb.cern.ch//eos/lhcb/grid/prod/lhcb/anaprod/lhcb/LHCb/Collision25/PID_TURBOONLY_TUPLE.ROOT/00331960/0000/00331960_00000167_1.pid_turboonly_tuple.root	root://eoslhcb.cern.ch//eos/lhcb/wg/rta/WP4/PIDCalib2_sWeights/2025/MagUp/DstToD0Pi_D0ToKPi/s25c4/Pi/00331960_00000167_1.pid_turboonly_tuple_sweights.root
Pi	root://eoslhcb.cern.ch//eos/lhcb/grid/prod/lhcb/anaprod/lhcb/LHCb/Collision25/PID_TURBOONLY_TUPLE.ROOT/00331960/0000/00331960_00000168_1.pid_turboonly_tuple.root	root://eoslhcb.cern.ch//eos/lhcb/wg/rta/WP4/PIDCalib2_sWeights/2025/MagUp/DstToD0Pi_D0ToKPi/s25c4/Pi/00331960_00000168_1.pid_turboonly_tuple_sweights.root
Pi	root://eoslhcb.cern.ch//eos/lhcb/grid/prod/lhcb/anaprod/lhcb/LHCb/Collision25/PID_TURBOONLY_TUPLE.ROOT/00331960/0000/00331960_00000169_1.pid_turboonly_tuple.root	root://eoslhcb.cern.ch//eos/lhcb/wg/rta/WP4/PIDCalib2_sWeights/2025/MagUp/DstToD0Pi_D0ToKPi/s25c4/Pi/00331960_00000169_1.pid_turboonly_tuple_sweights.root
Pi	root://eoslhcb.cern.ch//eos/lhcb/grid/prod/lhcb/anaprod/lhcb/LHCb/Collision25/PID_TURBOONLY_TUPLE.ROOT/00331960/0000/00331960_00000170_1.pid_turboonly_tuple.root	root://eoslhcb.cern.ch//eos/lhcb/wg/rta/WP4/PIDCalib2_sWeights/2025/MagUp/DstToD0Pi_D0ToKPi/s25c4/Pi/00331960_00000170_1.pid_turboonly_tuple_sweights.root
Pi	root://eoslhcb.cern.ch//eos/lhcb/grid/prod/lhcb/anaprod/lhcb/LHCb/Collision25/PID_TURBOONLY_TUPLE.ROOT/00331960/0000/00331960_00000171_1.pid_turboonly_tuple.root	root://eoslhcb.cern.ch//eos/lhcb/wg/rta/WP4/PIDCalib2_sWeights/2025/MagUp/DstToD0Pi_D0ToKPi/s25c4/Pi/00331960_00000171_1.pid_turboonly_tuple_sweights.root
Pi	root://eoslhcb.cern.ch//eos/lhcb/grid/prod/lhcb/anaprod/lhcb/LHCb/Collision25/PID_TURBOONLY_TUPLE.ROOT/00331960/0000/00331960_00000172_1.pid_turboonly_tuple.root	root://eoslhcb.cern.ch//eos/lhcb/wg/rta/WP4/PIDCalib2_sWeights/2025/MagUp/DstToD0Pi_D0ToKPi/s25c4/Pi/00331960_00000172_1.pid_turboonly_tuple_sweights.root
Pi	root://eoslhcb.cern.ch//eos/lhcb/grid/prod/lhcb/anaprod/lhcb/LHCb/Collision25/PID_TURBOONLY_TUPLE.ROOT/00331960/0000/00331960_00000173_1.pid_turboonly_tuple.root	root://eoslhcb.cern.ch//eos/lhcb/wg/rta/WP4/PIDCalib2_sWeights/2025/MagUp/DstToD0Pi_D0ToKPi/s25c4/Pi/00331960_00000173_1.pid_turboonly_tuple_sweights.root
Pi	root://eoslhcb.cern.ch//eos/lhcb/grid/prod/lhcb/anaprod/lhcb/LHCb/Collision25/PID_TURBOONLY_TUPLE.ROOT/00331960/0000/00331960_00000174_1.pid_turboonly_tuple.root	root://eoslhcb.cern.ch//eos/lhcb/wg/rta/WP4/PIDCalib2_sWeights/2025/MagUp/DstToD0Pi_D0ToKPi/s25c4/Pi/00331960_00000174_1.pid_turboonly_tuple_sweights.root
Pi	root://eoslhcb.cern.ch//eos/lhcb/grid/prod/lhcb/anaprod/lhcb/LHCb/Collision25/PID_TURBOONLY_TUPLE.ROOT/00331960/0000/00331960_00000175_1.pid_turboonly_tuple.root	root://eoslhcb.cern.ch//eos/lhcb/wg/rta/WP4/PIDCalib2_sWeights/2025/MagUp/DstToD0Pi_D0ToKPi/s25c4/Pi/00331960_00000175_1.pid_turboonly_tuple_sweights.root
Pi	root://eoslhcb.cern.ch//eos/lhcb/grid/prod/lhcb/anaprod/lhcb/LHCb/Collision25/PID_TURBOONLY_TUPLE.ROOT/00331960/0000/00331960_00000176_1.pid_turboonly_tuple.root	root://eoslhcb.cern.ch//eos/lhcb/wg/rta/WP4/PIDCalib2_sWeights/2025/MagUp/DstToD0Pi_D0ToKPi/s25c4/Pi/00331960_00000176_1.pid_turboonly_tuple_sweights.root
Pi	root://eoslhcb.cern.ch//eos/lhcb/grid/prod/lhcb/anaprod/lhcb/LHCb/Collision25/PID_TURBOONLY_TUPLE.ROOT/00331960/0000/00331960_00000177_1.pid_turboonly_tuple.root	root://eoslhcb.cern.ch//eos/lhcb/wg/rta/WP4/PIDCalib2_sWeights/2025/MagUp/DstToD0Pi_D0ToKPi/s25c4/Pi/00331960_00000177_1.pid_turboonly_tuple_sweights.root
Pi	root://eoslhcb.cern.ch//eos/lhcb/grid/prod/lhcb/anaprod/lhcb/LHCb/Collision25/PID_TURBOONLY_TUPLE.ROOT/00331960/0000/00331960_00000178_1.pid_turboonly_tuple.root	root://eoslhcb.cern.ch//eos/lhcb/wg/rta/WP4/PIDCalib2_sWeights/2025/MagUp/DstToD0Pi_D0ToKPi/s25c4/Pi/00331960_00000178_1.pid_turboonly_tuple_sweights.root
Pi	root://eoslhcb.cern.ch//eos/lhcb/grid/prod/lhcb/anaprod/lhcb/LHCb/Collision25/PID_TURBOONLY_TUPLE.ROOT/00331960/0000/00331960_00000179_1.pid_turboonly_tuple.root	root://eoslhcb.cern.ch//eos/lhcb/wg/rta/WP4/PIDCalib2_sWeights/2025/MagUp/DstToD0Pi_D0ToKPi/s25c4/Pi/00331960_00000179_1.pid_turboonly_tuple_sweights.root
Pi	root://eoslhcb.cern.ch//eos/lhcb/grid/prod/lhcb/anaprod/lhcb/LHCb/Collision25/PID_TURBOONLY_TUPLE.ROOT/00331960/0000/00331960_00000180_1.pid_turboonly_tuple.root	root://eoslhcb.cern.ch//eos/lhcb/wg/rta/WP4/PIDCalib2_sWeights/2025/MagUp/DstToD0Pi_D0ToKPi/s25c4/Pi/00331960_00000180_1.pid_turboonly_tuple_sweights.root
Pi	root://eoslhcb.cern.ch//eos/lhcb/grid/prod/lhcb/anaprod/lhcb/LHCb/Collision25/PID_TURBOONLY_TUPLE.ROOT/00331960/0000/00331960_00000181_1.pid_turboonly_tuple.root	root://eoslhcb.cern.ch//eos/lhcb/wg/rta/WP4/PIDCalib2_sWeights/2025/MagUp/DstToD0Pi_D0ToKPi/s25c4/Pi/00331960_00000181_1.pid_turboonly_tuple_sweights.root
Pi	root://eoslhcb.cern.ch//eos/lhcb/grid/prod/lhcb/anaprod/lhcb/LHCb/Collision25/PID_TURBOONLY_TUPLE.ROOT/00331960/0000/00331960_00000182_1.pid_turboonly_tuple.root	root://eoslhcb.cern.ch//eos/lhcb/wg/rta/WP4/PIDCalib2_sWeights/2025/MagUp/DstToD0Pi_D0ToKPi/s25c4/Pi/00331960_00000182_1.pid_turboonly_tuple_sweights.root
Pi	root://eoslhcb.cern.ch//eos/lhcb/grid/prod/lhcb/anaprod/lhcb/LHCb/Collision25/PID_TURBOONLY_TUPLE.ROOT/00331960/0000/00331960_00000183_1.pid_turboonly_tuple.root	root://eoslhcb.cern.ch//eos/lhcb/wg/rta/WP4/PIDCalib2_sWeights/2025/MagUp/DstToD0Pi_D0ToKPi/s25c4/Pi/00331960_00000183_1.pid_turboonly_tuple_sweights.root
Pi	root://eoslhcb.cern.ch//eos/lhcb/grid/prod/lhcb/anaprod/lhcb/LHCb/Collision25/PID_TURBOONLY_TUPLE.ROOT/00331960/0000/00331960_00000184_1.pid_turboonly_tuple.root	root://eoslhcb.cern.ch//eos/lhcb/wg/rta/WP4/PIDCalib2_sWeights/2025/MagUp/DstToD0Pi_D0ToKPi/s25c4/Pi/00331960_00000184_1.pid_turboonly_tuple_sweights.root
Pi	root://eoslhcb.cern.ch//eos/lhcb/grid/prod/lhcb/anaprod/lhcb/LHCb/Collision25/PID_TURBOONLY_TUPLE.ROOT/00331960/0000/00331960_00000185_1.pid_turboonly_tuple.root	root://eoslhcb.cern.ch//eos/lhcb/wg/rta/WP4/PIDCalib2_sWeights/2025/MagUp/DstToD0Pi_D0ToKPi/s25c4/Pi/00331960_00000185_1.pid_turboonly_tuple_sweights.root
Pi	root://eoslhcb.cern.ch//eos/lhcb/grid/prod/lhcb/anaprod/lhcb/LHCb/Collision25/PID_TURBOONLY_TUPLE.ROOT/00331960/0000/00331960_00000186_1.pid_turboonly_tuple.root	root://eoslhcb.cern.ch//eos/lhcb/wg/rta/WP4/PIDCalib2_sWeights/2025/MagUp/DstToD0Pi_D0ToKPi/s25c4/Pi/00331960_00000186_1.pid_turboonly_tuple_sweights.root
Pi	root://eoslhcb.cern.ch//eos/lhcb/grid/prod/lhcb/anaprod/lhcb/LHCb/Collision25/PID_TURBOONLY_TUPLE.ROOT/00331960/0000/00331960_00000187_1.pid_turboonly_tuple.root	root://eoslhcb.cern.ch//eos/lhcb/wg/rta/WP4/PIDCalib2_sWeights/2025/MagUp/DstToD0Pi_D0ToKPi/s25c4/Pi/00331960_00000187_1.pid_turboonly_tuple_sweights.root
Pi	root://eoslhcb.cern.ch//eos/lhcb/grid/prod/lhcb/anaprod/lhcb/LHCb/Collision25/PID_TURBOONLY_TUPLE.ROOT/00331960/0000/00331960_00000188_1.pid_turboonly_tuple.root	root://eoslhcb.cern.ch//eos/lhcb/wg/rta/WP4/PIDCalib2_sWeights/2025/MagUp/DstToD0Pi_D0ToKPi/s25c4/Pi/00331960_00000188_1.pid_turboonly_tuple_sweights.root
Pi	root://eoslhcb.cern.ch//eos/lhcb/grid/prod/lhcb/anaprod/lhcb/LHCb/Collision25/PID_TURBOONLY_TUPLE.ROOT/00331960/0000/00331960_00000189_1.pid_turboonly_tuple.root	root://eoslhcb.cern.ch//eos/lhcb/wg/rta/WP4/PIDCalib2_sWeights/2025/MagUp/DstToD0Pi_D0ToKPi/s25c4/Pi/00331960_00000189_1.pid_turboonly_tuple_sweights.root
Pi	root://eoslhcb.cern.ch//eos/lhcb/grid/prod/lhcb/anaprod/lhcb/LHCb/Collision25/PID_TURBOONLY_TUPLE.ROOT/00331960/0000/00331960_00000190_1.pid_turboonly_tuple.root	root://eoslhcb.cern.ch//eos/lhcb/wg/rta/WP4/PIDCalib2_sWeights/2025/MagUp/DstToD0Pi_D0ToKPi/s25c4/Pi/00331960_00000190_1.pid_turboonly_tuple_sweights.root
Pi	root://eoslhcb.cern.ch//eos/lhcb/grid/prod/lhcb/anaprod/lhcb/LHCb/Collision25/PID_TURBOONLY_TUPLE.ROOT/00331960/0000/00331960_00000191_1.pid_turboonly_tuple.root	root://eoslhcb.cern.ch//eos/lhcb/wg/rta/WP4/PIDCalib2_sWeights/2025/MagUp/DstToD0Pi_D0ToKPi/s25c4/Pi/00331960_00000191_1.pid_turboonly_tuple_sweights.root
Pi	root://eoslhcb.cern.ch//eos/lhcb/grid/prod/lhcb/anaprod/lhcb/LHCb/Collision25/PID_TURBOONLY_TUPLE.ROOT/00331960/0000/00331960_00000192_1.pid_turboonly_tuple.root	root://eoslhcb.cern.ch//eos/lhcb/wg/rta/WP4/PIDCalib2_sWeights/2025/MagUp/DstToD0Pi_D0ToKPi/s25c4/Pi/00331960_00000192_1.pid_turboonly_tuple_sweights.root
Pi	root://eoslhcb.cern.ch//eos/lhcb/grid/prod/lhcb/anaprod/lhcb/LHCb/Collision25/PID_TURBOONLY_TUPLE.ROOT/00331960/0000/00331960_00000193_1.pid_turboonly_tuple.root	root://eoslhcb.cern.ch//eos/lhcb/wg/rta/WP4/PIDCalib2_sWeights/2025/MagUp/DstToD0Pi_D0ToKPi/s25c4/Pi/00331960_00000193_1.pid_turboonly_tuple_sweights.root
Pi	root://eoslhcb.cern.ch//eos/lhcb/grid/prod/lhcb/anaprod/lhcb/LHCb/Collision25/PID_TURBOONLY_TUPLE.ROOT/00331960/0000/00331960_00000194_1.pid_turboonly_tuple.root	root://eoslhcb.cern.ch//eos/lhcb/wg/rta/WP4/PIDCalib2_sWeights/2025/MagUp/DstToD0Pi_D0ToKPi/s25c4/Pi/00331960_00000194_1.pid_turboonly_tuple_sweights.root
Pi	root://eoslhcb.cern.ch//eos/lhcb/grid/prod/lhcb/anaprod/lhcb/LHCb/Collision25/PID_TURBOONLY_TUPLE.ROOT/00331960/0000/00331960_00000195_1.pid_turboonly_tuple.root	root://eoslhcb.cern.ch//eos/lhcb/wg/rta/WP4/PIDCalib2_sWeights/2025/MagUp/DstToD0Pi_D0ToKPi/s25c4/Pi/00331960_00000195_1.pid_turboonly_tuple_sweights.root
Pi	root://eoslhcb.cern.ch//eos/lhcb/grid/prod/lhcb/anaprod/lhcb/LHCb/Collision25/PID_TURBOONLY_TUPLE.ROOT/00331960/0000/00331960_00000196_1.pid_turboonly_tuple.root	root://eoslhcb.cern.ch//eos/lhcb/wg/rta/WP4/PIDCalib2_sWeights/2025/MagUp/DstToD0Pi_D0ToKPi/s25c4/Pi/00331960_00000196_1.pid_turboonly_tuple_sweights.root
Pi	root://eoslhcb.cern.ch//eos/lhcb/grid/prod/lhcb/anaprod/lhcb/LHCb/Collision25/PID_TURBOONLY_TUPLE.ROOT/00331960/0000/00331960_00000197_1.pid_turboonly_tuple.root	root://eoslhcb.cern.ch//eos/lhcb/wg/rta/WP4/PIDCalib2_sWeights/2025/MagUp/DstToD0Pi_D0ToKPi/s25c4/Pi/00331960_00000197_1.pid_turboonly_tuple_sweights.root
Pi	root://eoslhcb.cern.ch//eos/lhcb/grid/prod/lhcb/anaprod/lhcb/LHCb/Collision25/PID_TURBOONLY_TUPLE.ROOT/00331960/0000/00331960_00000198_1.pid_turboonly_tuple.root	root://eoslhcb.cern.ch//eos/lhcb/wg/rta/WP4/PIDCalib2_sWeights/2025/MagUp/DstToD0Pi_D0ToKPi/s25c4/Pi/00331960_00000198_1.pid_turboonly_tuple_sweights.root
Pi	root://eoslhcb.cern.ch//eos/lhcb/grid/prod/lhcb/anaprod/lhcb/LHCb/Collision25/PID_TURBOONLY_TUPLE.ROOT/00331960/0000/00331960_00000199_1.pid_turboonly_tuple.root	root://eoslhcb.cern.ch//eos/lhcb/wg/rta/WP4/PIDCalib2_sWeights/2025/MagUp/DstToD0Pi_D0ToKPi/s25c4/Pi/00331960_00000199_1.pid_turboonly_tuple_sweights.root
Pi	root://eoslhcb.cern.ch//eos/lhcb/grid/prod/lhcb/anaprod/lhcb/LHCb/Collision25/PID_TURBOONLY_TUPLE.ROOT/00331960/0000/00331960_00000200_1.pid_turboonly_tuple.root	root://eoslhcb.cern.ch//eos/lhcb/wg/rta/WP4/PIDCalib2_sWeights/2025/MagUp/DstToD0Pi_D0ToKPi/s25c4/Pi/00331960_00000200_1.pid_turboonly_tuple_sweights.root
Pi	root://eoslhcb.cern.ch//eos/lhcb/grid/prod/lhcb/anaprod/lhcb/LHCb/Collision25/PID_TURBOONLY_TUPLE.ROOT/00331960/0000/00331960_00000201_1.pid_turboonly_tuple.root	root://eoslhcb.cern.ch//eos/lhcb/wg/rta/WP4/PIDCalib2_sWeights/2025/MagUp/DstToD0Pi_D0ToKPi/s25c4/Pi/00331960_00000201_1.pid_turboonly_tuple_sweights.root
Pi	root://eoslhcb.cern.ch//eos/lhcb/grid/prod/lhcb/anaprod/lhcb/LHCb/Collision25/PID_TURBOONLY_TUPLE.ROOT/00331960/0000/00331960_00000202_1.pid_turboonly_tuple.root	root://eoslhcb.cern.ch//eos/lhcb/wg/rta/WP4/PIDCalib2_sWeights/2025/MagUp/DstToD0Pi_D0ToKPi/s25c4/Pi/00331960_00000202_1.pid_turboonly_tuple_sweights.root
Pi	root://eoslhcb.cern.ch//eos/lhcb/grid/prod/lhcb/anaprod/lhcb/LHCb/Collision25/PID_TURBOONLY_TUPLE.ROOT/00331960/0000/00331960_00000203_1.pid_turboonly_tuple.root	root://eoslhcb.cern.ch//eos/lhcb/wg/rta/WP4/PIDCalib2_sWeights/2025/MagUp/DstToD0Pi_D0ToKPi/s25c4/Pi/00331960_00000203_1.pid_turboonly_tuple_sweights.root
Pi	root://eoslhcb.cern.ch//eos/lhcb/grid/prod/lhcb/anaprod/lhcb/LHCb/Collision25/PID_TURBOONLY_TUPLE.ROOT/00331960/0000/00331960_00000204_1.pid_turboonly_tuple.root	root://eoslhcb.cern.ch//eos/lhcb/wg/rta/WP4/PIDCalib2_sWeights/2025/MagUp/DstToD0Pi_D0ToKPi/s25c4/Pi/00331960_00000204_1.pid_turboonly_tuple_sweights.root
Pi	root://eoslhcb.cern.ch//eos/lhcb/grid/prod/lhcb/anaprod/lhcb/LHCb/Collision25/PID_TURBOONLY_TUPLE.ROOT/00331960/0000/00331960_00000205_1.pid_turboonly_tuple.root	root://eoslhcb.cern.ch//eos/lhcb/wg/rta/WP4/PIDCalib2_sWeights/2025/MagUp/DstToD0Pi_D0ToKPi/s25c4/Pi/00331960_00000205_1.pid_turboonly_tuple_sweights.root
Pi	root://eoslhcb.cern.ch//eos/lhcb/grid/prod/lhcb/anaprod/lhcb/LHCb/Collision25/PID_TURBOONLY_TUPLE.ROOT/00331960/0000/00331960_00000206_1.pid_turboonly_tuple.root	root://eoslhcb.cern.ch//eos/lhcb/wg/rta/WP4/PIDCalib2_sWeights/2025/MagUp/DstToD0Pi_D0ToKPi/s25c4/Pi/00331960_00000206_1.pid_turboonly_tuple_sweights.root
Pi	root://eoslhcb.cern.ch//eos/lhcb/grid/prod/lhcb/anaprod/lhcb/LHCb/Collision25/PID_TURBOONLY_TUPLE.ROOT/00331960/0000/00331960_00000207_1.pid_turboonly_tuple.root	root://eoslhcb.cern.ch//eos/lhcb/wg/rta/WP4/PIDCalib2_sWeights/2025/MagUp/DstToD0Pi_D0ToKPi/s25c4/Pi/00331960_00000207_1.pid_turboonly_tuple_sweights.root
Pi	root://eoslhcb.cern.ch//eos/lhcb/grid/prod/lhcb/anaprod/lhcb/LHCb/Collision25/PID_TURBOONLY_TUPLE.ROOT/00331960/0000/00331960_00000208_1.pid_turboonly_tuple.root	root://eoslhcb.cern.ch//eos/lhcb/wg/rta/WP4/PIDCalib2_sWeights/2025/MagUp/DstToD0Pi_D0ToKPi/s25c4/Pi/00331960_00000208_1.pid_turboonly_tuple_sweights.root
Pi	root://eoslhcb.cern.ch//eos/lhcb/grid/prod/lhcb/anaprod/lhcb/LHCb/Collision25/PID_TURBOONLY_TUPLE.ROOT/00331960/0000/00331960_00000209_1.pid_turboonly_tuple.root	root://eoslhcb.cern.ch//eos/lhcb/wg/rta/WP4/PIDCalib2_sWeights/2025/MagUp/DstToD0Pi_D0ToKPi/s25c4/Pi/00331960_00000209_1.pid_turboonly_tuple_sweights.root
Pi	root://eoslhcb.cern.ch//eos/lhcb/grid/prod/lhcb/anaprod/lhcb/LHCb/Collision25/PID_TURBOONLY_TUPLE.ROOT/00331960/0000/00331960_00000210_1.pid_turboonly_tuple.root	root://eoslhcb.cern.ch//eos/lhcb/wg/rta/WP4/PIDCalib2_sWeights/2025/MagUp/DstToD0Pi_D0ToKPi/s25c4/Pi/00331960_00000210_1.pid_turboonly_tuple_sweights.root
Pi	root://eoslhcb.cern.ch//eos/lhcb/grid/prod/lhcb/anaprod/lhcb/LHCb/Collision25/PID_TURBOONLY_TUPLE.ROOT/00331960/0000/00331960_00000211_1.pid_turboonly_tuple.root	root://eoslhcb.cern.ch//eos/lhcb/wg/rta/WP4/PIDCalib2_sWeights/2025/MagUp/DstToD0Pi_D0ToKPi/s25c4/Pi/00331960_00000211_1.pid_turboonly_tuple_sweights.root
Pi	root://eoslhcb.cern.ch//eos/lhcb/grid/prod/lhcb/anaprod/lhcb/LHCb/Collision25/PID_TURBOONLY_TUPLE.ROOT/00331960/0000/00331960_00000212_1.pid_turboonly_tuple.root	root://eoslhcb.cern.ch//eos/lhcb/wg/rta/WP4/PIDCalib2_sWeights/2025/MagUp/DstToD0Pi_D0ToKPi/s25c4/Pi/00331960_00000212_1.pid_turboonly_tuple_sweights.root
Pi	root://eoslhcb.cern.ch//eos/lhcb/grid/prod/lhcb/anaprod/lhcb/LHCb/Collision25/PID_TURBOONLY_TUPLE.ROOT/00331960/0000/00331960_00000213_1.pid_turboonly_tuple.root	root://eoslhcb.cern.ch//eos/lhcb/wg/rta/WP4/PIDCalib2_sWeights/2025/MagUp/DstToD0Pi_D0ToKPi/s25c4/Pi/00331960_00000213_1.pid_turboonly_tuple_sweights.root
Pi	root://eoslhcb.cern.ch//eos/lhcb/grid/prod/lhcb/anaprod/lhcb/LHCb/Collision25/PID_TURBOONLY_TUPLE.ROOT/00331960/0000/00331960_00000214_1.pid_turboonly_tuple.root	root://eoslhcb.cern.ch//eos/lhcb/wg/rta/WP4/PIDCalib2_sWeights/2025/MagUp/DstToD0Pi_D0ToKPi/s25c4/Pi/00331960_00000214_1.pid_turboonly_tuple_sweights.root
Pi	root://eoslhcb.cern.ch//eos/lhcb/grid/prod/lhcb/anaprod/lhcb/LHCb/Collision25/PID_TURBOONLY_TUPLE.ROOT/00331960/0000/00331960_00000215_1.pid_turboonly_tuple.root	root://eoslhcb.cern.ch//eos/lhcb/wg/rta/WP4/PIDCalib2_sWeights/2025/MagUp/DstToD0Pi_D0ToKPi/s25c4/Pi/00331960_00000215_1.pid_turboonly_tuple_sweights.root
Pi	root://eoslhcb.cern.ch//eos/lhcb/grid/prod/lhcb/anaprod/lhcb/LHCb/Collision25/PID_TURBOONLY_TUPLE.ROOT/00331960/0000/00331960_00000216_1.pid_turboonly_tuple.root	root://eoslhcb.cern.ch//eos/lhcb/wg/rta/WP4/PIDCalib2_sWeights/2025/MagUp/DstToD0Pi_D0ToKPi/s25c4/Pi/00331960_00000216_1.pid_turboonly_tuple_sweights.root
Pi	root://eoslhcb.cern.ch//eos/lhcb/grid/prod/lhcb/anaprod/lhcb/LHCb/Collision25/PID_TURBOONLY_TUPLE.ROOT/00331960/0000/00331960_00000217_1.pid_turboonly_tuple.root	root://eoslhcb.cern.ch//eos/lhcb/wg/rta/WP4/PIDCalib2_sWeights/2025/MagUp/DstToD0Pi_D0ToKPi/s25c4/Pi/00331960_00000217_1.pid_turboonly_tuple_sweights.root
Pi	root://eoslhcb.cern.ch//eos/lhcb/grid/prod/lhcb/anaprod/lhcb/LHCb/Collision25/PID_TURBOONLY_TUPLE.ROOT/00331960/0000/00331960_00000218_1.pid_turboonly_tuple.root	root://eoslhcb.cern.ch//eos/lhcb/wg/rta/WP4/PIDCalib2_sWeights/2025/MagUp/DstToD0Pi_D0ToKPi/s25c4/Pi/00331960_00000218_1.pid_turboonly_tuple_sweights.root
Pi	root://eoslhcb.cern.ch//eos/lhcb/grid/prod/lhcb/anaprod/lhcb/LHCb/Collision25/PID_TURBOONLY_TUPLE.ROOT/00331960/0000/00331960_00000219_1.pid_turboonly_tuple.root	root://eoslhcb.cern.ch//eos/lhcb/wg/rta/WP4/PIDCalib2_sWeights/2025/MagUp/DstToD0Pi_D0ToKPi/s25c4/Pi/00331960_00000219_1.pid_turboonly_tuple_sweights.root
Pi	root://eoslhcb.cern.ch//eos/lhcb/grid/prod/lhcb/anaprod/lhcb/LHCb/Collision25/PID_TURBOONLY_TUPLE.ROOT/00331960/0000/00331960_00000220_1.pid_turboonly_tuple.root	root://eoslhcb.cern.ch//eos/lhcb/wg/rta/WP4/PIDCalib2_sWeights/2025/MagUp/DstToD0Pi_D0ToKPi/s25c4/Pi/00331960_00000220_1.pid_turboonly_tuple_sweights.root
Pi	root://eoslhcb.cern.ch//eos/lhcb/grid/prod/lhcb/anaprod/lhcb/LHCb/Collision25/PID_TURBOONLY_TUPLE.ROOT/00331960/0000/00331960_00000221_1.pid_turboonly_tuple.root	root://eoslhcb.cern.ch//eos/lhcb/wg/rta/WP4/PIDCalib2_sWeights/2025/MagUp/DstToD0Pi_D0ToKPi/s25c4/Pi/00331960_00000221_1.pid_turboonly_tuple_sweights.root
Pi	root://eoslhcb.cern.ch//eos/lhcb/grid/prod/lhcb/anaprod/lhcb/LHCb/Collision25/PID_TURBOONLY_TUPLE.ROOT/00331960/0000/00331960_00000222_1.pid_turboonly_tuple.root	root://eoslhcb.cern.ch//eos/lhcb/wg/rta/WP4/PIDCalib2_sWeights/2025/MagUp/DstToD0Pi_D0ToKPi/s25c4/Pi/00331960_00000222_1.pid_turboonly_tuple_sweights.root
Pi	root://eoslhcb.cern.ch//eos/lhcb/grid/prod/lhcb/anaprod/lhcb/LHCb/Collision25/PID_TURBOONLY_TUPLE.ROOT/00331960/0000/00331960_00000223_1.pid_turboonly_tuple.root	root://eoslhcb.cern.ch//eos/lhcb/wg/rta/WP4/PIDCalib2_sWeights/2025/MagUp/DstToD0Pi_D0ToKPi/s25c4/Pi/00331960_00000223_1.pid_turboonly_tuple_sweights.root
Pi	root://eoslhcb.cern.ch//eos/lhcb/grid/prod/lhcb/anaprod/lhcb/LHCb/Collision25/PID_TURBOONLY_TUPLE.ROOT/00331960/0000/00331960_00000224_1.pid_turboonly_tuple.root	root://eoslhcb.cern.ch//eos/lhcb/wg/rta/WP4/PIDCalib2_sWeights/2025/MagUp/DstToD0Pi_D0ToKPi/s25c4/Pi/00331960_00000224_1.pid_turboonly_tuple_sweights.root
Pi	root://eoslhcb.cern.ch//eos/lhcb/grid/prod/lhcb/anaprod/lhcb/LHCb/Collision25/PID_TURBOONLY_TUPLE.ROOT/00331960/0000/00331960_00000225_1.pid_turboonly_tuple.root	root://eoslhcb.cern.ch//eos/lhcb/wg/rta/WP4/PIDCalib2_sWeights/2025/MagUp/DstToD0Pi_D0ToKPi/s25c4/Pi/00331960_00000225_1.pid_turboonly_tuple_sweights.root
Pi	root://eoslhcb.cern.ch//eos/lhcb/grid/prod/lhcb/anaprod/lhcb/LHCb/Collision25/PID_TURBOONLY_TUPLE.ROOT/00331960/0000/00331960_00000226_1.pid_turboonly_tuple.root	root://eoslhcb.cern.ch//eos/lhcb/wg/rta/WP4/PIDCalib2_sWeights/2025/MagUp/DstToD0Pi_D0ToKPi/s25c4/Pi/00331960_00000226_1.pid_turboonly_tuple_sweights.root
Pi	root://eoslhcb.cern.ch//eos/lhcb/grid/prod/lhcb/anaprod/lhcb/LHCb/Collision25/PID_TURBOONLY_TUPLE.ROOT/00331960/0000/00331960_00000227_1.pid_turboonly_tuple.root	root://eoslhcb.cern.ch//eos/lhcb/wg/rta/WP4/PIDCalib2_sWeights/2025/MagUp/DstToD0Pi_D0ToKPi/s25c4/Pi/00331960_00000227_1.pid_turboonly_tuple_sweights.root
Pi	root://eoslhcb.cern.ch//eos/lhcb/grid/prod/lhcb/anaprod/lhcb/LHCb/Collision25/PID_TURBOONLY_TUPLE.ROOT/00331960/0000/00331960_00000228_1.pid_turboonly_tuple.root	root://eoslhcb.cern.ch//eos/lhcb/wg/rta/WP4/PIDCalib2_sWeights/2025/MagUp/DstToD0Pi_D0ToKPi/s25c4/Pi/00331960_00000228_1.pid_turboonly_tuple_sweights.root
Pi	root://eoslhcb.cern.ch//eos/lhcb/grid/prod/lhcb/anaprod/lhcb/LHCb/Collision25/PID_TURBOONLY_TUPLE.ROOT/00331960/0000/00331960_00000229_1.pid_turboonly_tuple.root	root://eoslhcb.cern.ch//eos/lhcb/wg/rta/WP4/PIDCalib2_sWeights/2025/MagUp/DstToD0Pi_D0ToKPi/s25c4/Pi/00331960_00000229_1.pid_turboonly_tuple_sweights.root
Pi	root://eoslhcb.cern.ch//eos/lhcb/grid/prod/lhcb/anaprod/lhcb/LHCb/Collision25/PID_TURBOONLY_TUPLE.ROOT/00331960/0000/00331960_00000230_1.pid_turboonly_tuple.root	root://eoslhcb.cern.ch//eos/lhcb/wg/rta/WP4/PIDCalib2_sWeights/2025/MagUp/DstToD0Pi_D0ToKPi/s25c4/Pi/00331960_00000230_1.pid_turboonly_tuple_sweights.root
Pi	root://eoslhcb.cern.ch//eos/lhcb/grid/prod/lhcb/anaprod/lhcb/LHCb/Collision25/PID_TURBOONLY_TUPLE.ROOT/00331960/0000/00331960_00000231_1.pid_turboonly_tuple.root	root://eoslhcb.cern.ch//eos/lhcb/wg/rta/WP4/PIDCalib2_sWeights/2025/MagUp/DstToD0Pi_D0ToKPi/s25c4/Pi/00331960_00000231_1.pid_turboonly_tuple_sweights.root
Pi	root://eoslhcb.cern.ch//eos/lhcb/grid/prod/lhcb/anaprod/lhcb/LHCb/Collision25/PID_TURBOONLY_TUPLE.ROOT/00331960/0000/00331960_00000232_1.pid_turboonly_tuple.root	root://eoslhcb.cern.ch//eos/lhcb/wg/rta/WP4/PIDCalib2_sWeights/2025/MagUp/DstToD0Pi_D0ToKPi/s25c4/Pi/00331960_00000232_1.pid_turboonly_tuple_sweights.root
Pi	root://eoslhcb.cern.ch//eos/lhcb/grid/prod/lhcb/anaprod/lhcb/LHCb/Collision25/PID_TURBOONLY_TUPLE.ROOT/00331960/0000/00331960_00000233_1.pid_turboonly_tuple.root	root://eoslhcb.cern.ch//eos/lhcb/wg/rta/WP4/PIDCalib2_sWeights/2025/MagUp/DstToD0Pi_D0ToKPi/s25c4/Pi/00331960_00000233_1.pid_turboonly_tuple_sweights.root
Pi	root://eoslhcb.cern.ch//eos/lhcb/grid/prod/lhcb/anaprod/lhcb/LHCb/Collision25/PID_TURBOONLY_TUPLE.ROOT/00331960/0000/00331960_00000234_1.pid_turboonly_tuple.root	root://eoslhcb.cern.ch//eos/lhcb/wg/rta/WP4/PIDCalib2_sWeights/2025/MagUp/DstToD0Pi_D0ToKPi/s25c4/Pi/00331960_00000234_1.pid_turboonly_tuple_sweights.root
Pi	root://eoslhcb.cern.ch//eos/lhcb/grid/prod/lhcb/anaprod/lhcb/LHCb/Collision25/PID_TURBOONLY_TUPLE.ROOT/00331960/0000/00331960_00000235_1.pid_turboonly_tuple.root	root://eoslhcb.cern.ch//eos/lhcb/wg/rta/WP4/PIDCalib2_sWeights/2025/MagUp/DstToD0Pi_D0ToKPi/s25c4/Pi/00331960_00000235_1.pid_turboonly_tuple_sweights.root
Pi	root://eoslhcb.cern.ch//eos/lhcb/grid/prod/lhcb/anaprod/lhcb/LHCb/Collision25/PID_TURBOONLY_TUPLE.ROOT/00331960/0000/00331960_00000236_1.pid_turboonly_tuple.root	root://eoslhcb.cern.ch//eos/lhcb/wg/rta/WP4/PIDCalib2_sWeights/2025/MagUp/DstToD0Pi_D0ToKPi/s25c4/Pi/00331960_00000236_1.pid_turboonly_tuple_sweights.root
Pi	root://eoslhcb.cern.ch//eos/lhcb/grid/prod/lhcb/anaprod/lhcb/LHCb/Collision25/PID_TURBOONLY_TUPLE.ROOT/00331960/0000/00331960_00000237_1.pid_turboonly_tuple.root	root://eoslhcb.cern.ch//eos/lhcb/wg/rta/WP4/PIDCalib2_sWeights/2025/MagUp/DstToD0Pi_D0ToKPi/s25c4/Pi/00331960_00000237_1.pid_turboonly_tuple_sweights.root
Pi	root://eoslhcb.cern.ch//eos/lhcb/grid/prod/lhcb/anaprod/lhcb/LHCb/Collision25/PID_TURBOONLY_TUPLE.ROOT/00331960/0000/00331960_00000238_1.pid_turboonly_tuple.root	root://eoslhcb.cern.ch//eos/lhcb/wg/rta/WP4/PIDCalib2_sWeights/2025/MagUp/DstToD0Pi_D0ToKPi/s25c4/Pi/00331960_00000238_1.pid_turboonly_tuple_sweights.root
Pi	root://eoslhcb.cern.ch//eos/lhcb/grid/prod/lhcb/anaprod/lhcb/LHCb/Collision25/PID_TURBOONLY_TUPLE.ROOT/00331960/0000/00331960_00000239_1.pid_turboonly_tuple.root	root://eoslhcb.cern.ch//eos/lhcb/wg/rta/WP4/PIDCalib2_sWeights/2025/MagUp/DstToD0Pi_D0ToKPi/s25c4/Pi/00331960_00000239_1.pid_turboonly_tuple_sweights.root
Pi	root://eoslhcb.cern.ch//eos/lhcb/grid/prod/lhcb/anaprod/lhcb/LHCb/Collision25/PID_TURBOONLY_TUPLE.ROOT/00331960/0000/00331960_00000240_1.pid_turboonly_tuple.root	root://eoslhcb.cern.ch//eos/lhcb/wg/rta/WP4/PIDCalib2_sWeights/2025/MagUp/DstToD0Pi_D0ToKPi/s25c4/Pi/00331960_00000240_1.pid_turboonly_tuple_sweights.root
Pi	root://eoslhcb.cern.ch//eos/lhcb/grid/prod/lhcb/anaprod/lhcb/LHCb/Collision25/PID_TURBOONLY_TUPLE.ROOT/00331960/0000/00331960_00000241_1.pid_turboonly_tuple.root	root://eoslhcb.cern.ch//eos/lhcb/wg/rta/WP4/PIDCalib2_sWeights/2025/MagUp/DstToD0Pi_D0ToKPi/s25c4/Pi/00331960_00000241_1.pid_turboonly_tuple_sweights.root
Pi	root://eoslhcb.cern.ch//eos/lhcb/grid/prod/lhcb/anaprod/lhcb/LHCb/Collision25/PID_TURBOONLY_TUPLE.ROOT/00331960/0000/00331960_00000242_1.pid_turboonly_tuple.root	root://eoslhcb.cern.ch//eos/lhcb/wg/rta/WP4/PIDCalib2_sWeights/2025/MagUp/DstToD0Pi_D0ToKPi/s25c4/Pi/00331960_00000242_1.pid_turboonly_tuple_sweights.root
Pi	root://eoslhcb.cern.ch//eos/lhcb/grid/prod/lhcb/anaprod/lhcb/LHCb/Collision25/PID_TURBOONLY_TUPLE.ROOT/00331960/0000/00331960_00000243_1.pid_turboonly_tuple.root	root://eoslhcb.cern.ch//eos/lhcb/wg/rta/WP4/PIDCalib2_sWeights/2025/MagUp/DstToD0Pi_D0ToKPi/s25c4/Pi/00331960_00000243_1.pid_turboonly_tuple_sweights.root
Pi	root://eoslhcb.cern.ch//eos/lhcb/grid/prod/lhcb/anaprod/lhcb/LHCb/Collision25/PID_TURBOONLY_TUPLE.ROOT/00331960/0000/00331960_00000244_1.pid_turboonly_tuple.root	root://eoslhcb.cern.ch//eos/lhcb/wg/rta/WP4/PIDCalib2_sWeights/2025/MagUp/DstToD0Pi_D0ToKPi/s25c4/Pi/00331960_00000244_1.pid_turboonly_tuple_sweights.root
Pi	root://eoslhcb.cern.ch//eos/lhcb/grid/prod/lhcb/anaprod/lhcb/LHCb/Collision25/PID_TURBOONLY_TUPLE.ROOT/00331960/0000/00331960_00000245_1.pid_turboonly_tuple.root	root://eoslhcb.cern.ch//eos/lhcb/wg/rta/WP4/PIDCalib2_sWeights/2025/MagUp/DstToD0Pi_D0ToKPi/s25c4/Pi/00331960_00000245_1.pid_turboonly_tuple_sweights.root
Pi	root://eoslhcb.cern.ch//eos/lhcb/grid/prod/lhcb/anaprod/lhcb/LHCb/Collision25/PID_TURBOONLY_TUPLE.ROOT/00331960/0000/00331960_00000246_1.pid_turboonly_tuple.root	root://eoslhcb.cern.ch//eos/lhcb/wg/rta/WP4/PIDCalib2_sWeights/2025/MagUp/DstToD0Pi_D0ToKPi/s25c4/Pi/00331960_00000246_1.pid_turboonly_tuple_sweights.root
